site_idx,site_kind,site_key,n_units,metric_name,ber,repeat_idx,model_name,method
-1,analytical,all,-1,l1_norm,0.0006554878048780488,-1,llama-3.2-1b,canonical_attack_analytical
-1,analytical,all,-1,l2_norm,0.0008155487804878048,-1,llama-3.2-1b,canonical_attack_analytical
-1,analytical,all,-1,bias_value,0.0006554878048780488,-1,llama-3.2-1b,canonical_attack_analytical
-1,analytical,all,-1,variance,0.00038109756097560977,-1,llama-3.2-1b,canonical_attack_analytical
0,llama_attn,model.layers.0.self_attn.q_proj,8,l1_norm,0.0,0,llama-3.2-1b,canonical_attack
1,llama_mlp,model.layers.0.mlp.gate_proj,8192,l1_norm,0.000732421875,0,llama-3.2-1b,canonical_attack
2,llama_attn,model.layers.1.self_attn.q_proj,8,l1_norm,0.0,0,llama-3.2-1b,canonical_attack
3,llama_mlp,model.layers.1.mlp.gate_proj,8192,l1_norm,0.000732421875,0,llama-3.2-1b,canonical_attack
4,llama_attn,model.layers.2.self_attn.q_proj,8,l1_norm,0.0,0,llama-3.2-1b,canonical_attack
5,llama_mlp,model.layers.2.mlp.gate_proj,8192,l1_norm,0.000244140625,0,llama-3.2-1b,canonical_attack
6,llama_attn,model.layers.3.self_attn.q_proj,8,l1_norm,0.0,0,llama-3.2-1b,canonical_attack
7,llama_mlp,model.layers.3.mlp.gate_proj,8192,l1_norm,0.000244140625,0,llama-3.2-1b,canonical_attack
8,llama_attn,model.layers.4.self_attn.q_proj,8,l1_norm,0.0,0,llama-3.2-1b,canonical_attack
9,llama_mlp,model.layers.4.mlp.gate_proj,8192,l1_norm,0.000244140625,0,llama-3.2-1b,canonical_attack
10,llama_attn,model.layers.5.self_attn.q_proj,8,l1_norm,0.0,0,llama-3.2-1b,canonical_attack
11,llama_mlp,model.layers.5.mlp.gate_proj,8192,l1_norm,0.000244140625,0,llama-3.2-1b,canonical_attack
12,llama_attn,model.layers.6.self_attn.q_proj,8,l1_norm,0.0,0,llama-3.2-1b,canonical_attack
13,llama_mlp,model.layers.6.mlp.gate_proj,8192,l1_norm,0.0,0,llama-3.2-1b,canonical_attack
14,llama_attn,model.layers.7.self_attn.q_proj,8,l1_norm,0.0,0,llama-3.2-1b,canonical_attack
15,llama_mlp,model.layers.7.mlp.gate_proj,8192,l1_norm,0.0009765625,0,llama-3.2-1b,canonical_attack
16,llama_attn,model.layers.8.self_attn.q_proj,8,l1_norm,0.0,0,llama-3.2-1b,canonical_attack
17,llama_mlp,model.layers.8.mlp.gate_proj,8192,l1_norm,0.0,0,llama-3.2-1b,canonical_attack
18,llama_attn,model.layers.9.self_attn.q_proj,8,l1_norm,0.0,0,llama-3.2-1b,canonical_attack
19,llama_mlp,model.layers.9.mlp.gate_proj,8192,l1_norm,0.000244140625,0,llama-3.2-1b,canonical_attack
20,llama_attn,model.layers.10.self_attn.q_proj,8,l1_norm,0.0,0,llama-3.2-1b,canonical_attack
21,llama_mlp,model.layers.10.mlp.gate_proj,8192,l1_norm,0.000244140625,0,llama-3.2-1b,canonical_attack
22,llama_attn,model.layers.11.self_attn.q_proj,8,l1_norm,0.0,0,llama-3.2-1b,canonical_attack
23,llama_mlp,model.layers.11.mlp.gate_proj,8192,l1_norm,0.00048828125,0,llama-3.2-1b,canonical_attack
24,llama_attn,model.layers.12.self_attn.q_proj,8,l1_norm,0.0,0,llama-3.2-1b,canonical_attack
25,llama_mlp,model.layers.12.mlp.gate_proj,8192,l1_norm,0.002197265625,0,llama-3.2-1b,canonical_attack
26,llama_attn,model.layers.13.self_attn.q_proj,8,l1_norm,0.0,0,llama-3.2-1b,canonical_attack
27,llama_mlp,model.layers.13.mlp.gate_proj,8192,l1_norm,0.00244140625,0,llama-3.2-1b,canonical_attack
28,llama_attn,model.layers.14.self_attn.q_proj,8,l1_norm,0.0,0,llama-3.2-1b,canonical_attack
29,llama_mlp,model.layers.14.mlp.gate_proj,8192,l1_norm,0.001220703125,0,llama-3.2-1b,canonical_attack
30,llama_attn,model.layers.15.self_attn.q_proj,8,l1_norm,0.0,0,llama-3.2-1b,canonical_attack
31,llama_mlp,model.layers.15.mlp.gate_proj,8192,l1_norm,0.000732421875,0,llama-3.2-1b,canonical_attack
-1,aggregate,all,-1,l1_norm,0.0006859756097560975,0,llama-3.2-1b,canonical_attack
0,llama_attn,model.layers.0.self_attn.q_proj,8,l2_norm,0.0,0,llama-3.2-1b,canonical_attack
1,llama_mlp,model.layers.0.mlp.gate_proj,8192,l2_norm,0.00244140625,0,llama-3.2-1b,canonical_attack
2,llama_attn,model.layers.1.self_attn.q_proj,8,l2_norm,0.0,0,llama-3.2-1b,canonical_attack
3,llama_mlp,model.layers.1.mlp.gate_proj,8192,l2_norm,0.001708984375,0,llama-3.2-1b,canonical_attack
4,llama_attn,model.layers.2.self_attn.q_proj,8,l2_norm,0.0,0,llama-3.2-1b,canonical_attack
5,llama_mlp,model.layers.2.mlp.gate_proj,8192,l2_norm,0.000244140625,0,llama-3.2-1b,canonical_attack
6,llama_attn,model.layers.3.self_attn.q_proj,8,l2_norm,0.0,0,llama-3.2-1b,canonical_attack
7,llama_mlp,model.layers.3.mlp.gate_proj,8192,l2_norm,0.000732421875,0,llama-3.2-1b,canonical_attack
8,llama_attn,model.layers.4.self_attn.q_proj,8,l2_norm,0.0,0,llama-3.2-1b,canonical_attack
9,llama_mlp,model.layers.4.mlp.gate_proj,8192,l2_norm,0.000244140625,0,llama-3.2-1b,canonical_attack
10,llama_attn,model.layers.5.self_attn.q_proj,8,l2_norm,0.0,0,llama-3.2-1b,canonical_attack
11,llama_mlp,model.layers.5.mlp.gate_proj,8192,l2_norm,0.0,0,llama-3.2-1b,canonical_attack
12,llama_attn,model.layers.6.self_attn.q_proj,8,l2_norm,0.0,0,llama-3.2-1b,canonical_attack
13,llama_mlp,model.layers.6.mlp.gate_proj,8192,l2_norm,0.00048828125,0,llama-3.2-1b,canonical_attack
14,llama_attn,model.layers.7.self_attn.q_proj,8,l2_norm,0.0,0,llama-3.2-1b,canonical_attack
15,llama_mlp,model.layers.7.mlp.gate_proj,8192,l2_norm,0.00048828125,0,llama-3.2-1b,canonical_attack
16,llama_attn,model.layers.8.self_attn.q_proj,8,l2_norm,0.0,0,llama-3.2-1b,canonical_attack
17,llama_mlp,model.layers.8.mlp.gate_proj,8192,l2_norm,0.000244140625,0,llama-3.2-1b,canonical_attack
18,llama_attn,model.layers.9.self_attn.q_proj,8,l2_norm,0.0,0,llama-3.2-1b,canonical_attack
19,llama_mlp,model.layers.9.mlp.gate_proj,8192,l2_norm,0.0,0,llama-3.2-1b,canonical_attack
20,llama_attn,model.layers.10.self_attn.q_proj,8,l2_norm,0.0,0,llama-3.2-1b,canonical_attack
21,llama_mlp,model.layers.10.mlp.gate_proj,8192,l2_norm,0.000732421875,0,llama-3.2-1b,canonical_attack
22,llama_attn,model.layers.11.self_attn.q_proj,8,l2_norm,0.0,0,llama-3.2-1b,canonical_attack
23,llama_mlp,model.layers.11.mlp.gate_proj,8192,l2_norm,0.0,0,llama-3.2-1b,canonical_attack
24,llama_attn,model.layers.12.self_attn.q_proj,8,l2_norm,0.0,0,llama-3.2-1b,canonical_attack
25,llama_mlp,model.layers.12.mlp.gate_proj,8192,l2_norm,0.000732421875,0,llama-3.2-1b,canonical_attack
26,llama_attn,model.layers.13.self_attn.q_proj,8,l2_norm,0.0,0,llama-3.2-1b,canonical_attack
27,llama_mlp,model.layers.13.mlp.gate_proj,8192,l2_norm,0.00146484375,0,llama-3.2-1b,canonical_attack
28,llama_attn,model.layers.14.self_attn.q_proj,8,l2_norm,0.0,0,llama-3.2-1b,canonical_attack
29,llama_mlp,model.layers.14.mlp.gate_proj,8192,l2_norm,0.000732421875,0,llama-3.2-1b,canonical_attack
30,llama_attn,model.layers.15.self_attn.q_proj,8,l2_norm,0.0,0,llama-3.2-1b,canonical_attack
31,llama_mlp,model.layers.15.mlp.gate_proj,8192,l2_norm,0.00146484375,0,llama-3.2-1b,canonical_attack
-1,aggregate,all,-1,l2_norm,0.0007317073170731707,0,llama-3.2-1b,canonical_attack
0,llama_attn,model.layers.0.self_attn.q_proj,8,bias_value,0.0,0,llama-3.2-1b,canonical_attack
1,llama_mlp,model.layers.0.mlp.gate_proj,8192,bias_value,0.000732421875,0,llama-3.2-1b,canonical_attack
2,llama_attn,model.layers.1.self_attn.q_proj,8,bias_value,0.0,0,llama-3.2-1b,canonical_attack
3,llama_mlp,model.layers.1.mlp.gate_proj,8192,bias_value,0.000732421875,0,llama-3.2-1b,canonical_attack
4,llama_attn,model.layers.2.self_attn.q_proj,8,bias_value,0.0,0,llama-3.2-1b,canonical_attack
5,llama_mlp,model.layers.2.mlp.gate_proj,8192,bias_value,0.000244140625,0,llama-3.2-1b,canonical_attack
6,llama_attn,model.layers.3.self_attn.q_proj,8,bias_value,0.0,0,llama-3.2-1b,canonical_attack
7,llama_mlp,model.layers.3.mlp.gate_proj,8192,bias_value,0.000244140625,0,llama-3.2-1b,canonical_attack
8,llama_attn,model.layers.4.self_attn.q_proj,8,bias_value,0.0,0,llama-3.2-1b,canonical_attack
9,llama_mlp,model.layers.4.mlp.gate_proj,8192,bias_value,0.000244140625,0,llama-3.2-1b,canonical_attack
10,llama_attn,model.layers.5.self_attn.q_proj,8,bias_value,0.0,0,llama-3.2-1b,canonical_attack
11,llama_mlp,model.layers.5.mlp.gate_proj,8192,bias_value,0.000244140625,0,llama-3.2-1b,canonical_attack
12,llama_attn,model.layers.6.self_attn.q_proj,8,bias_value,0.0,0,llama-3.2-1b,canonical_attack
13,llama_mlp,model.layers.6.mlp.gate_proj,8192,bias_value,0.0,0,llama-3.2-1b,canonical_attack
14,llama_attn,model.layers.7.self_attn.q_proj,8,bias_value,0.0,0,llama-3.2-1b,canonical_attack
15,llama_mlp,model.layers.7.mlp.gate_proj,8192,bias_value,0.0009765625,0,llama-3.2-1b,canonical_attack
16,llama_attn,model.layers.8.self_attn.q_proj,8,bias_value,0.0,0,llama-3.2-1b,canonical_attack
17,llama_mlp,model.layers.8.mlp.gate_proj,8192,bias_value,0.0,0,llama-3.2-1b,canonical_attack
18,llama_attn,model.layers.9.self_attn.q_proj,8,bias_value,0.0,0,llama-3.2-1b,canonical_attack
19,llama_mlp,model.layers.9.mlp.gate_proj,8192,bias_value,0.000244140625,0,llama-3.2-1b,canonical_attack
20,llama_attn,model.layers.10.self_attn.q_proj,8,bias_value,0.0,0,llama-3.2-1b,canonical_attack
21,llama_mlp,model.layers.10.mlp.gate_proj,8192,bias_value,0.000244140625,0,llama-3.2-1b,canonical_attack
22,llama_attn,model.layers.11.self_attn.q_proj,8,bias_value,0.0,0,llama-3.2-1b,canonical_attack
23,llama_mlp,model.layers.11.mlp.gate_proj,8192,bias_value,0.00048828125,0,llama-3.2-1b,canonical_attack
24,llama_attn,model.layers.12.self_attn.q_proj,8,bias_value,0.0,0,llama-3.2-1b,canonical_attack
25,llama_mlp,model.layers.12.mlp.gate_proj,8192,bias_value,0.002197265625,0,llama-3.2-1b,canonical_attack
26,llama_attn,model.layers.13.self_attn.q_proj,8,bias_value,0.0,0,llama-3.2-1b,canonical_attack
27,llama_mlp,model.layers.13.mlp.gate_proj,8192,bias_value,0.00244140625,0,llama-3.2-1b,canonical_attack
28,llama_attn,model.layers.14.self_attn.q_proj,8,bias_value,0.0,0,llama-3.2-1b,canonical_attack
29,llama_mlp,model.layers.14.mlp.gate_proj,8192,bias_value,0.001220703125,0,llama-3.2-1b,canonical_attack
30,llama_attn,model.layers.15.self_attn.q_proj,8,bias_value,0.0,0,llama-3.2-1b,canonical_attack
31,llama_mlp,model.layers.15.mlp.gate_proj,8192,bias_value,0.000732421875,0,llama-3.2-1b,canonical_attack
-1,aggregate,all,-1,bias_value,0.0006859756097560975,0,llama-3.2-1b,canonical_attack
0,llama_attn,model.layers.0.self_attn.q_proj,8,variance,0.0,0,llama-3.2-1b,canonical_attack
1,llama_mlp,model.layers.0.mlp.gate_proj,8192,variance,0.001708984375,0,llama-3.2-1b,canonical_attack
2,llama_attn,model.layers.1.self_attn.q_proj,8,variance,0.0,0,llama-3.2-1b,canonical_attack
3,llama_mlp,model.layers.1.mlp.gate_proj,8192,variance,0.001220703125,0,llama-3.2-1b,canonical_attack
4,llama_attn,model.layers.2.self_attn.q_proj,8,variance,0.0,0,llama-3.2-1b,canonical_attack
5,llama_mlp,model.layers.2.mlp.gate_proj,8192,variance,0.0,0,llama-3.2-1b,canonical_attack
6,llama_attn,model.layers.3.self_attn.q_proj,8,variance,0.0,0,llama-3.2-1b,canonical_attack
7,llama_mlp,model.layers.3.mlp.gate_proj,8192,variance,0.00048828125,0,llama-3.2-1b,canonical_attack
8,llama_attn,model.layers.4.self_attn.q_proj,8,variance,0.0,0,llama-3.2-1b,canonical_attack
9,llama_mlp,model.layers.4.mlp.gate_proj,8192,variance,0.0,0,llama-3.2-1b,canonical_attack
10,llama_attn,model.layers.5.self_attn.q_proj,8,variance,0.0,0,llama-3.2-1b,canonical_attack
11,llama_mlp,model.layers.5.mlp.gate_proj,8192,variance,0.000244140625,0,llama-3.2-1b,canonical_attack
12,llama_attn,model.layers.6.self_attn.q_proj,8,variance,0.0,0,llama-3.2-1b,canonical_attack
13,llama_mlp,model.layers.6.mlp.gate_proj,8192,variance,0.0,0,llama-3.2-1b,canonical_attack
14,llama_attn,model.layers.7.self_attn.q_proj,8,variance,0.0,0,llama-3.2-1b,canonical_attack
15,llama_mlp,model.layers.7.mlp.gate_proj,8192,variance,0.000244140625,0,llama-3.2-1b,canonical_attack
16,llama_attn,model.layers.8.self_attn.q_proj,8,variance,0.0,0,llama-3.2-1b,canonical_attack
17,llama_mlp,model.layers.8.mlp.gate_proj,8192,variance,0.000244140625,0,llama-3.2-1b,canonical_attack
18,llama_attn,model.layers.9.self_attn.q_proj,8,variance,0.0,0,llama-3.2-1b,canonical_attack
19,llama_mlp,model.layers.9.mlp.gate_proj,8192,variance,0.000244140625,0,llama-3.2-1b,canonical_attack
20,llama_attn,model.layers.10.self_attn.q_proj,8,variance,0.0,0,llama-3.2-1b,canonical_attack
21,llama_mlp,model.layers.10.mlp.gate_proj,8192,variance,0.0,0,llama-3.2-1b,canonical_attack
22,llama_attn,model.layers.11.self_attn.q_proj,8,variance,0.0,0,llama-3.2-1b,canonical_attack
23,llama_mlp,model.layers.11.mlp.gate_proj,8192,variance,0.0,0,llama-3.2-1b,canonical_attack
24,llama_attn,model.layers.12.self_attn.q_proj,8,variance,0.0,0,llama-3.2-1b,canonical_attack
25,llama_mlp,model.layers.12.mlp.gate_proj,8192,variance,0.000244140625,0,llama-3.2-1b,canonical_attack
26,llama_attn,model.layers.13.self_attn.q_proj,8,variance,0.0,0,llama-3.2-1b,canonical_attack
27,llama_mlp,model.layers.13.mlp.gate_proj,8192,variance,0.000244140625,0,llama-3.2-1b,canonical_attack
28,llama_attn,model.layers.14.self_attn.q_proj,8,variance,0.0,0,llama-3.2-1b,canonical_attack
29,llama_mlp,model.layers.14.mlp.gate_proj,8192,variance,0.0009765625,0,llama-3.2-1b,canonical_attack
30,llama_attn,model.layers.15.self_attn.q_proj,8,variance,0.0,0,llama-3.2-1b,canonical_attack
31,llama_mlp,model.layers.15.mlp.gate_proj,8192,variance,0.000244140625,0,llama-3.2-1b,canonical_attack
-1,aggregate,all,-1,variance,0.00038109756097560977,0,llama-3.2-1b,canonical_attack
0,llama_attn,model.layers.0.self_attn.q_proj,8,l1_norm,0.0,1,llama-3.2-1b,canonical_attack
1,llama_mlp,model.layers.0.mlp.gate_proj,8192,l1_norm,0.000732421875,1,llama-3.2-1b,canonical_attack
2,llama_attn,model.layers.1.self_attn.q_proj,8,l1_norm,0.0,1,llama-3.2-1b,canonical_attack
3,llama_mlp,model.layers.1.mlp.gate_proj,8192,l1_norm,0.000732421875,1,llama-3.2-1b,canonical_attack
4,llama_attn,model.layers.2.self_attn.q_proj,8,l1_norm,0.0,1,llama-3.2-1b,canonical_attack
5,llama_mlp,model.layers.2.mlp.gate_proj,8192,l1_norm,0.000732421875,1,llama-3.2-1b,canonical_attack
6,llama_attn,model.layers.3.self_attn.q_proj,8,l1_norm,0.0,1,llama-3.2-1b,canonical_attack
7,llama_mlp,model.layers.3.mlp.gate_proj,8192,l1_norm,0.0,1,llama-3.2-1b,canonical_attack
8,llama_attn,model.layers.4.self_attn.q_proj,8,l1_norm,0.0,1,llama-3.2-1b,canonical_attack
9,llama_mlp,model.layers.4.mlp.gate_proj,8192,l1_norm,0.00048828125,1,llama-3.2-1b,canonical_attack
10,llama_attn,model.layers.5.self_attn.q_proj,8,l1_norm,0.0,1,llama-3.2-1b,canonical_attack
11,llama_mlp,model.layers.5.mlp.gate_proj,8192,l1_norm,0.000244140625,1,llama-3.2-1b,canonical_attack
12,llama_attn,model.layers.6.self_attn.q_proj,8,l1_norm,0.0,1,llama-3.2-1b,canonical_attack
13,llama_mlp,model.layers.6.mlp.gate_proj,8192,l1_norm,0.0,1,llama-3.2-1b,canonical_attack
14,llama_attn,model.layers.7.self_attn.q_proj,8,l1_norm,0.0,1,llama-3.2-1b,canonical_attack
15,llama_mlp,model.layers.7.mlp.gate_proj,8192,l1_norm,0.0009765625,1,llama-3.2-1b,canonical_attack
16,llama_attn,model.layers.8.self_attn.q_proj,8,l1_norm,0.0,1,llama-3.2-1b,canonical_attack
17,llama_mlp,model.layers.8.mlp.gate_proj,8192,l1_norm,0.00048828125,1,llama-3.2-1b,canonical_attack
18,llama_attn,model.layers.9.self_attn.q_proj,8,l1_norm,0.0,1,llama-3.2-1b,canonical_attack
19,llama_mlp,model.layers.9.mlp.gate_proj,8192,l1_norm,0.000244140625,1,llama-3.2-1b,canonical_attack
20,llama_attn,model.layers.10.self_attn.q_proj,8,l1_norm,0.0,1,llama-3.2-1b,canonical_attack
21,llama_mlp,model.layers.10.mlp.gate_proj,8192,l1_norm,0.00048828125,1,llama-3.2-1b,canonical_attack
22,llama_attn,model.layers.11.self_attn.q_proj,8,l1_norm,0.0,1,llama-3.2-1b,canonical_attack
23,llama_mlp,model.layers.11.mlp.gate_proj,8192,l1_norm,0.0,1,llama-3.2-1b,canonical_attack
24,llama_attn,model.layers.12.self_attn.q_proj,8,l1_norm,0.0,1,llama-3.2-1b,canonical_attack
25,llama_mlp,model.layers.12.mlp.gate_proj,8192,l1_norm,0.000732421875,1,llama-3.2-1b,canonical_attack
26,llama_attn,model.layers.13.self_attn.q_proj,8,l1_norm,0.0,1,llama-3.2-1b,canonical_attack
27,llama_mlp,model.layers.13.mlp.gate_proj,8192,l1_norm,0.001220703125,1,llama-3.2-1b,canonical_attack
28,llama_attn,model.layers.14.self_attn.q_proj,8,l1_norm,0.0,1,llama-3.2-1b,canonical_attack
29,llama_mlp,model.layers.14.mlp.gate_proj,8192,l1_norm,0.001953125,1,llama-3.2-1b,canonical_attack
30,llama_attn,model.layers.15.self_attn.q_proj,8,l1_norm,0.0,1,llama-3.2-1b,canonical_attack
31,llama_mlp,model.layers.15.mlp.gate_proj,8192,l1_norm,0.000732421875,1,llama-3.2-1b,canonical_attack
-1,aggregate,all,-1,l1_norm,0.0006097560975609756,1,llama-3.2-1b,canonical_attack
0,llama_attn,model.layers.0.self_attn.q_proj,8,l2_norm,0.0,1,llama-3.2-1b,canonical_attack
1,llama_mlp,model.layers.0.mlp.gate_proj,8192,l2_norm,0.001953125,1,llama-3.2-1b,canonical_attack
2,llama_attn,model.layers.1.self_attn.q_proj,8,l2_norm,0.0,1,llama-3.2-1b,canonical_attack
3,llama_mlp,model.layers.1.mlp.gate_proj,8192,l2_norm,0.00146484375,1,llama-3.2-1b,canonical_attack
4,llama_attn,model.layers.2.self_attn.q_proj,8,l2_norm,0.0,1,llama-3.2-1b,canonical_attack
5,llama_mlp,model.layers.2.mlp.gate_proj,8192,l2_norm,0.00048828125,1,llama-3.2-1b,canonical_attack
6,llama_attn,model.layers.3.self_attn.q_proj,8,l2_norm,0.0,1,llama-3.2-1b,canonical_attack
7,llama_mlp,model.layers.3.mlp.gate_proj,8192,l2_norm,0.000732421875,1,llama-3.2-1b,canonical_attack
8,llama_attn,model.layers.4.self_attn.q_proj,8,l2_norm,0.0,1,llama-3.2-1b,canonical_attack
9,llama_mlp,model.layers.4.mlp.gate_proj,8192,l2_norm,0.0,1,llama-3.2-1b,canonical_attack
10,llama_attn,model.layers.5.self_attn.q_proj,8,l2_norm,0.0,1,llama-3.2-1b,canonical_attack
11,llama_mlp,model.layers.5.mlp.gate_proj,8192,l2_norm,0.0,1,llama-3.2-1b,canonical_attack
12,llama_attn,model.layers.6.self_attn.q_proj,8,l2_norm,0.0,1,llama-3.2-1b,canonical_attack
13,llama_mlp,model.layers.6.mlp.gate_proj,8192,l2_norm,0.00048828125,1,llama-3.2-1b,canonical_attack
14,llama_attn,model.layers.7.self_attn.q_proj,8,l2_norm,0.0,1,llama-3.2-1b,canonical_attack
15,llama_mlp,model.layers.7.mlp.gate_proj,8192,l2_norm,0.0,1,llama-3.2-1b,canonical_attack
16,llama_attn,model.layers.8.self_attn.q_proj,8,l2_norm,0.0,1,llama-3.2-1b,canonical_attack
17,llama_mlp,model.layers.8.mlp.gate_proj,8192,l2_norm,0.000244140625,1,llama-3.2-1b,canonical_attack
18,llama_attn,model.layers.9.self_attn.q_proj,8,l2_norm,0.0,1,llama-3.2-1b,canonical_attack
19,llama_mlp,model.layers.9.mlp.gate_proj,8192,l2_norm,0.000244140625,1,llama-3.2-1b,canonical_attack
20,llama_attn,model.layers.10.self_attn.q_proj,8,l2_norm,0.0,1,llama-3.2-1b,canonical_attack
21,llama_mlp,model.layers.10.mlp.gate_proj,8192,l2_norm,0.000732421875,1,llama-3.2-1b,canonical_attack
22,llama_attn,model.layers.11.self_attn.q_proj,8,l2_norm,0.0,1,llama-3.2-1b,canonical_attack
23,llama_mlp,model.layers.11.mlp.gate_proj,8192,l2_norm,0.00048828125,1,llama-3.2-1b,canonical_attack
24,llama_attn,model.layers.12.self_attn.q_proj,8,l2_norm,0.0,1,llama-3.2-1b,canonical_attack
25,llama_mlp,model.layers.12.mlp.gate_proj,8192,l2_norm,0.00146484375,1,llama-3.2-1b,canonical_attack
26,llama_attn,model.layers.13.self_attn.q_proj,8,l2_norm,0.0,1,llama-3.2-1b,canonical_attack
27,llama_mlp,model.layers.13.mlp.gate_proj,8192,l2_norm,0.000732421875,1,llama-3.2-1b,canonical_attack
28,llama_attn,model.layers.14.self_attn.q_proj,8,l2_norm,0.0,1,llama-3.2-1b,canonical_attack
29,llama_mlp,model.layers.14.mlp.gate_proj,8192,l2_norm,0.001220703125,1,llama-3.2-1b,canonical_attack
30,llama_attn,model.layers.15.self_attn.q_proj,8,l2_norm,0.0,1,llama-3.2-1b,canonical_attack
31,llama_mlp,model.layers.15.mlp.gate_proj,8192,l2_norm,0.001220703125,1,llama-3.2-1b,canonical_attack
-1,aggregate,all,-1,l2_norm,0.0007164634146341463,1,llama-3.2-1b,canonical_attack
0,llama_attn,model.layers.0.self_attn.q_proj,8,bias_value,0.0,1,llama-3.2-1b,canonical_attack
1,llama_mlp,model.layers.0.mlp.gate_proj,8192,bias_value,0.000732421875,1,llama-3.2-1b,canonical_attack
2,llama_attn,model.layers.1.self_attn.q_proj,8,bias_value,0.0,1,llama-3.2-1b,canonical_attack
3,llama_mlp,model.layers.1.mlp.gate_proj,8192,bias_value,0.000732421875,1,llama-3.2-1b,canonical_attack
4,llama_attn,model.layers.2.self_attn.q_proj,8,bias_value,0.0,1,llama-3.2-1b,canonical_attack
5,llama_mlp,model.layers.2.mlp.gate_proj,8192,bias_value,0.000732421875,1,llama-3.2-1b,canonical_attack
6,llama_attn,model.layers.3.self_attn.q_proj,8,bias_value,0.0,1,llama-3.2-1b,canonical_attack
7,llama_mlp,model.layers.3.mlp.gate_proj,8192,bias_value,0.0,1,llama-3.2-1b,canonical_attack
8,llama_attn,model.layers.4.self_attn.q_proj,8,bias_value,0.0,1,llama-3.2-1b,canonical_attack
9,llama_mlp,model.layers.4.mlp.gate_proj,8192,bias_value,0.00048828125,1,llama-3.2-1b,canonical_attack
10,llama_attn,model.layers.5.self_attn.q_proj,8,bias_value,0.0,1,llama-3.2-1b,canonical_attack
11,llama_mlp,model.layers.5.mlp.gate_proj,8192,bias_value,0.000244140625,1,llama-3.2-1b,canonical_attack
12,llama_attn,model.layers.6.self_attn.q_proj,8,bias_value,0.0,1,llama-3.2-1b,canonical_attack
13,llama_mlp,model.layers.6.mlp.gate_proj,8192,bias_value,0.0,1,llama-3.2-1b,canonical_attack
14,llama_attn,model.layers.7.self_attn.q_proj,8,bias_value,0.0,1,llama-3.2-1b,canonical_attack
15,llama_mlp,model.layers.7.mlp.gate_proj,8192,bias_value,0.0009765625,1,llama-3.2-1b,canonical_attack
16,llama_attn,model.layers.8.self_attn.q_proj,8,bias_value,0.0,1,llama-3.2-1b,canonical_attack
17,llama_mlp,model.layers.8.mlp.gate_proj,8192,bias_value,0.00048828125,1,llama-3.2-1b,canonical_attack
18,llama_attn,model.layers.9.self_attn.q_proj,8,bias_value,0.0,1,llama-3.2-1b,canonical_attack
19,llama_mlp,model.layers.9.mlp.gate_proj,8192,bias_value,0.000244140625,1,llama-3.2-1b,canonical_attack
20,llama_attn,model.layers.10.self_attn.q_proj,8,bias_value,0.0,1,llama-3.2-1b,canonical_attack
21,llama_mlp,model.layers.10.mlp.gate_proj,8192,bias_value,0.00048828125,1,llama-3.2-1b,canonical_attack
22,llama_attn,model.layers.11.self_attn.q_proj,8,bias_value,0.0,1,llama-3.2-1b,canonical_attack
23,llama_mlp,model.layers.11.mlp.gate_proj,8192,bias_value,0.0,1,llama-3.2-1b,canonical_attack
24,llama_attn,model.layers.12.self_attn.q_proj,8,bias_value,0.0,1,llama-3.2-1b,canonical_attack
25,llama_mlp,model.layers.12.mlp.gate_proj,8192,bias_value,0.000732421875,1,llama-3.2-1b,canonical_attack
26,llama_attn,model.layers.13.self_attn.q_proj,8,bias_value,0.0,1,llama-3.2-1b,canonical_attack
27,llama_mlp,model.layers.13.mlp.gate_proj,8192,bias_value,0.001220703125,1,llama-3.2-1b,canonical_attack
28,llama_attn,model.layers.14.self_attn.q_proj,8,bias_value,0.0,1,llama-3.2-1b,canonical_attack
29,llama_mlp,model.layers.14.mlp.gate_proj,8192,bias_value,0.001953125,1,llama-3.2-1b,canonical_attack
30,llama_attn,model.layers.15.self_attn.q_proj,8,bias_value,0.0,1,llama-3.2-1b,canonical_attack
31,llama_mlp,model.layers.15.mlp.gate_proj,8192,bias_value,0.000732421875,1,llama-3.2-1b,canonical_attack
-1,aggregate,all,-1,bias_value,0.0006097560975609756,1,llama-3.2-1b,canonical_attack
0,llama_attn,model.layers.0.self_attn.q_proj,8,variance,0.0,1,llama-3.2-1b,canonical_attack
1,llama_mlp,model.layers.0.mlp.gate_proj,8192,variance,0.00146484375,1,llama-3.2-1b,canonical_attack
2,llama_attn,model.layers.1.self_attn.q_proj,8,variance,0.0,1,llama-3.2-1b,canonical_attack
3,llama_mlp,model.layers.1.mlp.gate_proj,8192,variance,0.000732421875,1,llama-3.2-1b,canonical_attack
4,llama_attn,model.layers.2.self_attn.q_proj,8,variance,0.0,1,llama-3.2-1b,canonical_attack
5,llama_mlp,model.layers.2.mlp.gate_proj,8192,variance,0.0,1,llama-3.2-1b,canonical_attack
6,llama_attn,model.layers.3.self_attn.q_proj,8,variance,0.0,1,llama-3.2-1b,canonical_attack
7,llama_mlp,model.layers.3.mlp.gate_proj,8192,variance,0.000244140625,1,llama-3.2-1b,canonical_attack
8,llama_attn,model.layers.4.self_attn.q_proj,8,variance,0.0,1,llama-3.2-1b,canonical_attack
9,llama_mlp,model.layers.4.mlp.gate_proj,8192,variance,0.0,1,llama-3.2-1b,canonical_attack
10,llama_attn,model.layers.5.self_attn.q_proj,8,variance,0.0,1,llama-3.2-1b,canonical_attack
11,llama_mlp,model.layers.5.mlp.gate_proj,8192,variance,0.000244140625,1,llama-3.2-1b,canonical_attack
12,llama_attn,model.layers.6.self_attn.q_proj,8,variance,0.0,1,llama-3.2-1b,canonical_attack
13,llama_mlp,model.layers.6.mlp.gate_proj,8192,variance,0.000244140625,1,llama-3.2-1b,canonical_attack
14,llama_attn,model.layers.7.self_attn.q_proj,8,variance,0.0,1,llama-3.2-1b,canonical_attack
15,llama_mlp,model.layers.7.mlp.gate_proj,8192,variance,0.000244140625,1,llama-3.2-1b,canonical_attack
16,llama_attn,model.layers.8.self_attn.q_proj,8,variance,0.0,1,llama-3.2-1b,canonical_attack
17,llama_mlp,model.layers.8.mlp.gate_proj,8192,variance,0.00048828125,1,llama-3.2-1b,canonical_attack
18,llama_attn,model.layers.9.self_attn.q_proj,8,variance,0.0,1,llama-3.2-1b,canonical_attack
19,llama_mlp,model.layers.9.mlp.gate_proj,8192,variance,0.0,1,llama-3.2-1b,canonical_attack
20,llama_attn,model.layers.10.self_attn.q_proj,8,variance,0.0,1,llama-3.2-1b,canonical_attack
21,llama_mlp,model.layers.10.mlp.gate_proj,8192,variance,0.00048828125,1,llama-3.2-1b,canonical_attack
22,llama_attn,model.layers.11.self_attn.q_proj,8,variance,0.0,1,llama-3.2-1b,canonical_attack
23,llama_mlp,model.layers.11.mlp.gate_proj,8192,variance,0.0,1,llama-3.2-1b,canonical_attack
24,llama_attn,model.layers.12.self_attn.q_proj,8,variance,0.0,1,llama-3.2-1b,canonical_attack
25,llama_mlp,model.layers.12.mlp.gate_proj,8192,variance,0.0,1,llama-3.2-1b,canonical_attack
26,llama_attn,model.layers.13.self_attn.q_proj,8,variance,0.0,1,llama-3.2-1b,canonical_attack
27,llama_mlp,model.layers.13.mlp.gate_proj,8192,variance,0.000244140625,1,llama-3.2-1b,canonical_attack
28,llama_attn,model.layers.14.self_attn.q_proj,8,variance,0.0,1,llama-3.2-1b,canonical_attack
29,llama_mlp,model.layers.14.mlp.gate_proj,8192,variance,0.00048828125,1,llama-3.2-1b,canonical_attack
30,llama_attn,model.layers.15.self_attn.q_proj,8,variance,0.0,1,llama-3.2-1b,canonical_attack
31,llama_mlp,model.layers.15.mlp.gate_proj,8192,variance,0.00146484375,1,llama-3.2-1b,canonical_attack
-1,aggregate,all,-1,variance,0.0003963414634146342,1,llama-3.2-1b,canonical_attack
0,llama_attn,model.layers.0.self_attn.q_proj,8,l1_norm,0.0,2,llama-3.2-1b,canonical_attack
1,llama_mlp,model.layers.0.mlp.gate_proj,8192,l1_norm,0.000244140625,2,llama-3.2-1b,canonical_attack
2,llama_attn,model.layers.1.self_attn.q_proj,8,l1_norm,0.0,2,llama-3.2-1b,canonical_attack
3,llama_mlp,model.layers.1.mlp.gate_proj,8192,l1_norm,0.001708984375,2,llama-3.2-1b,canonical_attack
4,llama_attn,model.layers.2.self_attn.q_proj,8,l1_norm,0.0,2,llama-3.2-1b,canonical_attack
5,llama_mlp,model.layers.2.mlp.gate_proj,8192,l1_norm,0.001220703125,2,llama-3.2-1b,canonical_attack
6,llama_attn,model.layers.3.self_attn.q_proj,8,l1_norm,0.0,2,llama-3.2-1b,canonical_attack
7,llama_mlp,model.layers.3.mlp.gate_proj,8192,l1_norm,0.0,2,llama-3.2-1b,canonical_attack
8,llama_attn,model.layers.4.self_attn.q_proj,8,l1_norm,0.0,2,llama-3.2-1b,canonical_attack
9,llama_mlp,model.layers.4.mlp.gate_proj,8192,l1_norm,0.000244140625,2,llama-3.2-1b,canonical_attack
10,llama_attn,model.layers.5.self_attn.q_proj,8,l1_norm,0.0,2,llama-3.2-1b,canonical_attack
11,llama_mlp,model.layers.5.mlp.gate_proj,8192,l1_norm,0.000244140625,2,llama-3.2-1b,canonical_attack
12,llama_attn,model.layers.6.self_attn.q_proj,8,l1_norm,0.0,2,llama-3.2-1b,canonical_attack
13,llama_mlp,model.layers.6.mlp.gate_proj,8192,l1_norm,0.0,2,llama-3.2-1b,canonical_attack
14,llama_attn,model.layers.7.self_attn.q_proj,8,l1_norm,0.0,2,llama-3.2-1b,canonical_attack
15,llama_mlp,model.layers.7.mlp.gate_proj,8192,l1_norm,0.000732421875,2,llama-3.2-1b,canonical_attack
16,llama_attn,model.layers.8.self_attn.q_proj,8,l1_norm,0.0,2,llama-3.2-1b,canonical_attack
17,llama_mlp,model.layers.8.mlp.gate_proj,8192,l1_norm,0.0,2,llama-3.2-1b,canonical_attack
18,llama_attn,model.layers.9.self_attn.q_proj,8,l1_norm,0.0,2,llama-3.2-1b,canonical_attack
19,llama_mlp,model.layers.9.mlp.gate_proj,8192,l1_norm,0.000244140625,2,llama-3.2-1b,canonical_attack
20,llama_attn,model.layers.10.self_attn.q_proj,8,l1_norm,0.0,2,llama-3.2-1b,canonical_attack
21,llama_mlp,model.layers.10.mlp.gate_proj,8192,l1_norm,0.000732421875,2,llama-3.2-1b,canonical_attack
22,llama_attn,model.layers.11.self_attn.q_proj,8,l1_norm,0.0,2,llama-3.2-1b,canonical_attack
23,llama_mlp,model.layers.11.mlp.gate_proj,8192,l1_norm,0.00048828125,2,llama-3.2-1b,canonical_attack
24,llama_attn,model.layers.12.self_attn.q_proj,8,l1_norm,0.0,2,llama-3.2-1b,canonical_attack
25,llama_mlp,model.layers.12.mlp.gate_proj,8192,l1_norm,0.0009765625,2,llama-3.2-1b,canonical_attack
26,llama_attn,model.layers.13.self_attn.q_proj,8,l1_norm,0.0,2,llama-3.2-1b,canonical_attack
27,llama_mlp,model.layers.13.mlp.gate_proj,8192,l1_norm,0.00146484375,2,llama-3.2-1b,canonical_attack
28,llama_attn,model.layers.14.self_attn.q_proj,8,l1_norm,0.0,2,llama-3.2-1b,canonical_attack
29,llama_mlp,model.layers.14.mlp.gate_proj,8192,l1_norm,0.001220703125,2,llama-3.2-1b,canonical_attack
30,llama_attn,model.layers.15.self_attn.q_proj,8,l1_norm,0.0,2,llama-3.2-1b,canonical_attack
31,llama_mlp,model.layers.15.mlp.gate_proj,8192,l1_norm,0.000732421875,2,llama-3.2-1b,canonical_attack
-1,aggregate,all,-1,l1_norm,0.0006402439024390244,2,llama-3.2-1b,canonical_attack
0,llama_attn,model.layers.0.self_attn.q_proj,8,l2_norm,0.0,2,llama-3.2-1b,canonical_attack
1,llama_mlp,model.layers.0.mlp.gate_proj,8192,l2_norm,0.002685546875,2,llama-3.2-1b,canonical_attack
2,llama_attn,model.layers.1.self_attn.q_proj,8,l2_norm,0.0,2,llama-3.2-1b,canonical_attack
3,llama_mlp,model.layers.1.mlp.gate_proj,8192,l2_norm,0.0009765625,2,llama-3.2-1b,canonical_attack
4,llama_attn,model.layers.2.self_attn.q_proj,8,l2_norm,0.0,2,llama-3.2-1b,canonical_attack
5,llama_mlp,model.layers.2.mlp.gate_proj,8192,l2_norm,0.0,2,llama-3.2-1b,canonical_attack
6,llama_attn,model.layers.3.self_attn.q_proj,8,l2_norm,0.0,2,llama-3.2-1b,canonical_attack
7,llama_mlp,model.layers.3.mlp.gate_proj,8192,l2_norm,0.000244140625,2,llama-3.2-1b,canonical_attack
8,llama_attn,model.layers.4.self_attn.q_proj,8,l2_norm,0.0,2,llama-3.2-1b,canonical_attack
9,llama_mlp,model.layers.4.mlp.gate_proj,8192,l2_norm,0.000244140625,2,llama-3.2-1b,canonical_attack
10,llama_attn,model.layers.5.self_attn.q_proj,8,l2_norm,0.0,2,llama-3.2-1b,canonical_attack
11,llama_mlp,model.layers.5.mlp.gate_proj,8192,l2_norm,0.0,2,llama-3.2-1b,canonical_attack
12,llama_attn,model.layers.6.self_attn.q_proj,8,l2_norm,0.0,2,llama-3.2-1b,canonical_attack
13,llama_mlp,model.layers.6.mlp.gate_proj,8192,l2_norm,0.000244140625,2,llama-3.2-1b,canonical_attack
14,llama_attn,model.layers.7.self_attn.q_proj,8,l2_norm,0.0,2,llama-3.2-1b,canonical_attack
15,llama_mlp,model.layers.7.mlp.gate_proj,8192,l2_norm,0.000244140625,2,llama-3.2-1b,canonical_attack
16,llama_attn,model.layers.8.self_attn.q_proj,8,l2_norm,0.0,2,llama-3.2-1b,canonical_attack
17,llama_mlp,model.layers.8.mlp.gate_proj,8192,l2_norm,0.000244140625,2,llama-3.2-1b,canonical_attack
18,llama_attn,model.layers.9.self_attn.q_proj,8,l2_norm,0.0,2,llama-3.2-1b,canonical_attack
19,llama_mlp,model.layers.9.mlp.gate_proj,8192,l2_norm,0.0,2,llama-3.2-1b,canonical_attack
20,llama_attn,model.layers.10.self_attn.q_proj,8,l2_norm,0.0,2,llama-3.2-1b,canonical_attack
21,llama_mlp,model.layers.10.mlp.gate_proj,8192,l2_norm,0.00048828125,2,llama-3.2-1b,canonical_attack
22,llama_attn,model.layers.11.self_attn.q_proj,8,l2_norm,0.0,2,llama-3.2-1b,canonical_attack
23,llama_mlp,model.layers.11.mlp.gate_proj,8192,l2_norm,0.000244140625,2,llama-3.2-1b,canonical_attack
24,llama_attn,model.layers.12.self_attn.q_proj,8,l2_norm,0.0,2,llama-3.2-1b,canonical_attack
25,llama_mlp,model.layers.12.mlp.gate_proj,8192,l2_norm,0.00146484375,2,llama-3.2-1b,canonical_attack
26,llama_attn,model.layers.13.self_attn.q_proj,8,l2_norm,0.0,2,llama-3.2-1b,canonical_attack
27,llama_mlp,model.layers.13.mlp.gate_proj,8192,l2_norm,0.00048828125,2,llama-3.2-1b,canonical_attack
28,llama_attn,model.layers.14.self_attn.q_proj,8,l2_norm,0.0,2,llama-3.2-1b,canonical_attack
29,llama_mlp,model.layers.14.mlp.gate_proj,8192,l2_norm,0.0009765625,2,llama-3.2-1b,canonical_attack
30,llama_attn,model.layers.15.self_attn.q_proj,8,l2_norm,0.0,2,llama-3.2-1b,canonical_attack
31,llama_mlp,model.layers.15.mlp.gate_proj,8192,l2_norm,0.00146484375,2,llama-3.2-1b,canonical_attack
-1,aggregate,all,-1,l2_norm,0.000625,2,llama-3.2-1b,canonical_attack
0,llama_attn,model.layers.0.self_attn.q_proj,8,bias_value,0.0,2,llama-3.2-1b,canonical_attack
1,llama_mlp,model.layers.0.mlp.gate_proj,8192,bias_value,0.000244140625,2,llama-3.2-1b,canonical_attack
2,llama_attn,model.layers.1.self_attn.q_proj,8,bias_value,0.0,2,llama-3.2-1b,canonical_attack
3,llama_mlp,model.layers.1.mlp.gate_proj,8192,bias_value,0.001708984375,2,llama-3.2-1b,canonical_attack
4,llama_attn,model.layers.2.self_attn.q_proj,8,bias_value,0.0,2,llama-3.2-1b,canonical_attack
5,llama_mlp,model.layers.2.mlp.gate_proj,8192,bias_value,0.001220703125,2,llama-3.2-1b,canonical_attack
6,llama_attn,model.layers.3.self_attn.q_proj,8,bias_value,0.0,2,llama-3.2-1b,canonical_attack
7,llama_mlp,model.layers.3.mlp.gate_proj,8192,bias_value,0.0,2,llama-3.2-1b,canonical_attack
8,llama_attn,model.layers.4.self_attn.q_proj,8,bias_value,0.0,2,llama-3.2-1b,canonical_attack
9,llama_mlp,model.layers.4.mlp.gate_proj,8192,bias_value,0.000244140625,2,llama-3.2-1b,canonical_attack
10,llama_attn,model.layers.5.self_attn.q_proj,8,bias_value,0.0,2,llama-3.2-1b,canonical_attack
11,llama_mlp,model.layers.5.mlp.gate_proj,8192,bias_value,0.000244140625,2,llama-3.2-1b,canonical_attack
12,llama_attn,model.layers.6.self_attn.q_proj,8,bias_value,0.0,2,llama-3.2-1b,canonical_attack
13,llama_mlp,model.layers.6.mlp.gate_proj,8192,bias_value,0.0,2,llama-3.2-1b,canonical_attack
14,llama_attn,model.layers.7.self_attn.q_proj,8,bias_value,0.0,2,llama-3.2-1b,canonical_attack
15,llama_mlp,model.layers.7.mlp.gate_proj,8192,bias_value,0.000732421875,2,llama-3.2-1b,canonical_attack
16,llama_attn,model.layers.8.self_attn.q_proj,8,bias_value,0.0,2,llama-3.2-1b,canonical_attack
17,llama_mlp,model.layers.8.mlp.gate_proj,8192,bias_value,0.0,2,llama-3.2-1b,canonical_attack
18,llama_attn,model.layers.9.self_attn.q_proj,8,bias_value,0.0,2,llama-3.2-1b,canonical_attack
19,llama_mlp,model.layers.9.mlp.gate_proj,8192,bias_value,0.000244140625,2,llama-3.2-1b,canonical_attack
20,llama_attn,model.layers.10.self_attn.q_proj,8,bias_value,0.0,2,llama-3.2-1b,canonical_attack
21,llama_mlp,model.layers.10.mlp.gate_proj,8192,bias_value,0.000732421875,2,llama-3.2-1b,canonical_attack
22,llama_attn,model.layers.11.self_attn.q_proj,8,bias_value,0.0,2,llama-3.2-1b,canonical_attack
23,llama_mlp,model.layers.11.mlp.gate_proj,8192,bias_value,0.00048828125,2,llama-3.2-1b,canonical_attack
24,llama_attn,model.layers.12.self_attn.q_proj,8,bias_value,0.0,2,llama-3.2-1b,canonical_attack
25,llama_mlp,model.layers.12.mlp.gate_proj,8192,bias_value,0.0009765625,2,llama-3.2-1b,canonical_attack
26,llama_attn,model.layers.13.self_attn.q_proj,8,bias_value,0.0,2,llama-3.2-1b,canonical_attack
27,llama_mlp,model.layers.13.mlp.gate_proj,8192,bias_value,0.00146484375,2,llama-3.2-1b,canonical_attack
28,llama_attn,model.layers.14.self_attn.q_proj,8,bias_value,0.0,2,llama-3.2-1b,canonical_attack
29,llama_mlp,model.layers.14.mlp.gate_proj,8192,bias_value,0.001220703125,2,llama-3.2-1b,canonical_attack
30,llama_attn,model.layers.15.self_attn.q_proj,8,bias_value,0.0,2,llama-3.2-1b,canonical_attack
31,llama_mlp,model.layers.15.mlp.gate_proj,8192,bias_value,0.000732421875,2,llama-3.2-1b,canonical_attack
-1,aggregate,all,-1,bias_value,0.0006402439024390244,2,llama-3.2-1b,canonical_attack
0,llama_attn,model.layers.0.self_attn.q_proj,8,variance,0.0,2,llama-3.2-1b,canonical_attack
1,llama_mlp,model.layers.0.mlp.gate_proj,8192,variance,0.001220703125,2,llama-3.2-1b,canonical_attack
2,llama_attn,model.layers.1.self_attn.q_proj,8,variance,0.0,2,llama-3.2-1b,canonical_attack
3,llama_mlp,model.layers.1.mlp.gate_proj,8192,variance,0.00146484375,2,llama-3.2-1b,canonical_attack
4,llama_attn,model.layers.2.self_attn.q_proj,8,variance,0.0,2,llama-3.2-1b,canonical_attack
5,llama_mlp,model.layers.2.mlp.gate_proj,8192,variance,0.0,2,llama-3.2-1b,canonical_attack
6,llama_attn,model.layers.3.self_attn.q_proj,8,variance,0.0,2,llama-3.2-1b,canonical_attack
7,llama_mlp,model.layers.3.mlp.gate_proj,8192,variance,0.000244140625,2,llama-3.2-1b,canonical_attack
8,llama_attn,model.layers.4.self_attn.q_proj,8,variance,0.0,2,llama-3.2-1b,canonical_attack
9,llama_mlp,model.layers.4.mlp.gate_proj,8192,variance,0.0,2,llama-3.2-1b,canonical_attack
10,llama_attn,model.layers.5.self_attn.q_proj,8,variance,0.0,2,llama-3.2-1b,canonical_attack
11,llama_mlp,model.layers.5.mlp.gate_proj,8192,variance,0.000244140625,2,llama-3.2-1b,canonical_attack
12,llama_attn,model.layers.6.self_attn.q_proj,8,variance,0.0,2,llama-3.2-1b,canonical_attack
13,llama_mlp,model.layers.6.mlp.gate_proj,8192,variance,0.0,2,llama-3.2-1b,canonical_attack
14,llama_attn,model.layers.7.self_attn.q_proj,8,variance,0.0,2,llama-3.2-1b,canonical_attack
15,llama_mlp,model.layers.7.mlp.gate_proj,8192,variance,0.000244140625,2,llama-3.2-1b,canonical_attack
16,llama_attn,model.layers.8.self_attn.q_proj,8,variance,0.0,2,llama-3.2-1b,canonical_attack
17,llama_mlp,model.layers.8.mlp.gate_proj,8192,variance,0.000244140625,2,llama-3.2-1b,canonical_attack
18,llama_attn,model.layers.9.self_attn.q_proj,8,variance,0.0,2,llama-3.2-1b,canonical_attack
19,llama_mlp,model.layers.9.mlp.gate_proj,8192,variance,0.0,2,llama-3.2-1b,canonical_attack
20,llama_attn,model.layers.10.self_attn.q_proj,8,variance,0.0,2,llama-3.2-1b,canonical_attack
21,llama_mlp,model.layers.10.mlp.gate_proj,8192,variance,0.000244140625,2,llama-3.2-1b,canonical_attack
22,llama_attn,model.layers.11.self_attn.q_proj,8,variance,0.0,2,llama-3.2-1b,canonical_attack
23,llama_mlp,model.layers.11.mlp.gate_proj,8192,variance,0.0,2,llama-3.2-1b,canonical_attack
24,llama_attn,model.layers.12.self_attn.q_proj,8,variance,0.0,2,llama-3.2-1b,canonical_attack
25,llama_mlp,model.layers.12.mlp.gate_proj,8192,variance,0.000244140625,2,llama-3.2-1b,canonical_attack
26,llama_attn,model.layers.13.self_attn.q_proj,8,variance,0.0,2,llama-3.2-1b,canonical_attack
27,llama_mlp,model.layers.13.mlp.gate_proj,8192,variance,0.0,2,llama-3.2-1b,canonical_attack
28,llama_attn,model.layers.14.self_attn.q_proj,8,variance,0.0,2,llama-3.2-1b,canonical_attack
29,llama_mlp,model.layers.14.mlp.gate_proj,8192,variance,0.000732421875,2,llama-3.2-1b,canonical_attack
30,llama_attn,model.layers.15.self_attn.q_proj,8,variance,0.0,2,llama-3.2-1b,canonical_attack
31,llama_mlp,model.layers.15.mlp.gate_proj,8192,variance,0.000732421875,2,llama-3.2-1b,canonical_attack
-1,aggregate,all,-1,variance,0.00035060975609756096,2,llama-3.2-1b,canonical_attack
0,llama_attn,model.layers.0.self_attn.q_proj,8,l1_norm,0.0,3,llama-3.2-1b,canonical_attack
1,llama_mlp,model.layers.0.mlp.gate_proj,8192,l1_norm,0.00048828125,3,llama-3.2-1b,canonical_attack
2,llama_attn,model.layers.1.self_attn.q_proj,8,l1_norm,0.0,3,llama-3.2-1b,canonical_attack
3,llama_mlp,model.layers.1.mlp.gate_proj,8192,l1_norm,0.00146484375,3,llama-3.2-1b,canonical_attack
4,llama_attn,model.layers.2.self_attn.q_proj,8,l1_norm,0.0,3,llama-3.2-1b,canonical_attack
5,llama_mlp,model.layers.2.mlp.gate_proj,8192,l1_norm,0.0009765625,3,llama-3.2-1b,canonical_attack
6,llama_attn,model.layers.3.self_attn.q_proj,8,l1_norm,0.0,3,llama-3.2-1b,canonical_attack
7,llama_mlp,model.layers.3.mlp.gate_proj,8192,l1_norm,0.000244140625,3,llama-3.2-1b,canonical_attack
8,llama_attn,model.layers.4.self_attn.q_proj,8,l1_norm,0.0,3,llama-3.2-1b,canonical_attack
9,llama_mlp,model.layers.4.mlp.gate_proj,8192,l1_norm,0.0,3,llama-3.2-1b,canonical_attack
10,llama_attn,model.layers.5.self_attn.q_proj,8,l1_norm,0.0,3,llama-3.2-1b,canonical_attack
11,llama_mlp,model.layers.5.mlp.gate_proj,8192,l1_norm,0.00048828125,3,llama-3.2-1b,canonical_attack
12,llama_attn,model.layers.6.self_attn.q_proj,8,l1_norm,0.0,3,llama-3.2-1b,canonical_attack
13,llama_mlp,model.layers.6.mlp.gate_proj,8192,l1_norm,0.0,3,llama-3.2-1b,canonical_attack
14,llama_attn,model.layers.7.self_attn.q_proj,8,l1_norm,0.0,3,llama-3.2-1b,canonical_attack
15,llama_mlp,model.layers.7.mlp.gate_proj,8192,l1_norm,0.000244140625,3,llama-3.2-1b,canonical_attack
16,llama_attn,model.layers.8.self_attn.q_proj,8,l1_norm,0.0,3,llama-3.2-1b,canonical_attack
17,llama_mlp,model.layers.8.mlp.gate_proj,8192,l1_norm,0.0,3,llama-3.2-1b,canonical_attack
18,llama_attn,model.layers.9.self_attn.q_proj,8,l1_norm,0.0,3,llama-3.2-1b,canonical_attack
19,llama_mlp,model.layers.9.mlp.gate_proj,8192,l1_norm,0.000244140625,3,llama-3.2-1b,canonical_attack
20,llama_attn,model.layers.10.self_attn.q_proj,8,l1_norm,0.0,3,llama-3.2-1b,canonical_attack
21,llama_mlp,model.layers.10.mlp.gate_proj,8192,l1_norm,0.0,3,llama-3.2-1b,canonical_attack
22,llama_attn,model.layers.11.self_attn.q_proj,8,l1_norm,0.0,3,llama-3.2-1b,canonical_attack
23,llama_mlp,model.layers.11.mlp.gate_proj,8192,l1_norm,0.00048828125,3,llama-3.2-1b,canonical_attack
24,llama_attn,model.layers.12.self_attn.q_proj,8,l1_norm,0.0,3,llama-3.2-1b,canonical_attack
25,llama_mlp,model.layers.12.mlp.gate_proj,8192,l1_norm,0.000732421875,3,llama-3.2-1b,canonical_attack
26,llama_attn,model.layers.13.self_attn.q_proj,8,l1_norm,0.0,3,llama-3.2-1b,canonical_attack
27,llama_mlp,model.layers.13.mlp.gate_proj,8192,l1_norm,0.002197265625,3,llama-3.2-1b,canonical_attack
28,llama_attn,model.layers.14.self_attn.q_proj,8,l1_norm,0.0,3,llama-3.2-1b,canonical_attack
29,llama_mlp,model.layers.14.mlp.gate_proj,8192,l1_norm,0.001953125,3,llama-3.2-1b,canonical_attack
30,llama_attn,model.layers.15.self_attn.q_proj,8,l1_norm,0.0,3,llama-3.2-1b,canonical_attack
31,llama_mlp,model.layers.15.mlp.gate_proj,8192,l1_norm,0.00146484375,3,llama-3.2-1b,canonical_attack
-1,aggregate,all,-1,l1_norm,0.0006859756097560975,3,llama-3.2-1b,canonical_attack
0,llama_attn,model.layers.0.self_attn.q_proj,8,l2_norm,0.0,3,llama-3.2-1b,canonical_attack
1,llama_mlp,model.layers.0.mlp.gate_proj,8192,l2_norm,0.00244140625,3,llama-3.2-1b,canonical_attack
2,llama_attn,model.layers.1.self_attn.q_proj,8,l2_norm,0.0,3,llama-3.2-1b,canonical_attack
3,llama_mlp,model.layers.1.mlp.gate_proj,8192,l2_norm,0.001220703125,3,llama-3.2-1b,canonical_attack
4,llama_attn,model.layers.2.self_attn.q_proj,8,l2_norm,0.0,3,llama-3.2-1b,canonical_attack
5,llama_mlp,model.layers.2.mlp.gate_proj,8192,l2_norm,0.00048828125,3,llama-3.2-1b,canonical_attack
6,llama_attn,model.layers.3.self_attn.q_proj,8,l2_norm,0.0,3,llama-3.2-1b,canonical_attack
7,llama_mlp,model.layers.3.mlp.gate_proj,8192,l2_norm,0.0009765625,3,llama-3.2-1b,canonical_attack
8,llama_attn,model.layers.4.self_attn.q_proj,8,l2_norm,0.0,3,llama-3.2-1b,canonical_attack
9,llama_mlp,model.layers.4.mlp.gate_proj,8192,l2_norm,0.00048828125,3,llama-3.2-1b,canonical_attack
10,llama_attn,model.layers.5.self_attn.q_proj,8,l2_norm,0.0,3,llama-3.2-1b,canonical_attack
11,llama_mlp,model.layers.5.mlp.gate_proj,8192,l2_norm,0.0,3,llama-3.2-1b,canonical_attack
12,llama_attn,model.layers.6.self_attn.q_proj,8,l2_norm,0.0,3,llama-3.2-1b,canonical_attack
13,llama_mlp,model.layers.6.mlp.gate_proj,8192,l2_norm,0.00048828125,3,llama-3.2-1b,canonical_attack
14,llama_attn,model.layers.7.self_attn.q_proj,8,l2_norm,0.0,3,llama-3.2-1b,canonical_attack
15,llama_mlp,model.layers.7.mlp.gate_proj,8192,l2_norm,0.000244140625,3,llama-3.2-1b,canonical_attack
16,llama_attn,model.layers.8.self_attn.q_proj,8,l2_norm,0.0,3,llama-3.2-1b,canonical_attack
17,llama_mlp,model.layers.8.mlp.gate_proj,8192,l2_norm,0.0,3,llama-3.2-1b,canonical_attack
18,llama_attn,model.layers.9.self_attn.q_proj,8,l2_norm,0.0,3,llama-3.2-1b,canonical_attack
19,llama_mlp,model.layers.9.mlp.gate_proj,8192,l2_norm,0.000244140625,3,llama-3.2-1b,canonical_attack
20,llama_attn,model.layers.10.self_attn.q_proj,8,l2_norm,0.0,3,llama-3.2-1b,canonical_attack
21,llama_mlp,model.layers.10.mlp.gate_proj,8192,l2_norm,0.000732421875,3,llama-3.2-1b,canonical_attack
22,llama_attn,model.layers.11.self_attn.q_proj,8,l2_norm,0.0,3,llama-3.2-1b,canonical_attack
23,llama_mlp,model.layers.11.mlp.gate_proj,8192,l2_norm,0.000732421875,3,llama-3.2-1b,canonical_attack
24,llama_attn,model.layers.12.self_attn.q_proj,8,l2_norm,0.0,3,llama-3.2-1b,canonical_attack
25,llama_mlp,model.layers.12.mlp.gate_proj,8192,l2_norm,0.000732421875,3,llama-3.2-1b,canonical_attack
26,llama_attn,model.layers.13.self_attn.q_proj,8,l2_norm,0.0,3,llama-3.2-1b,canonical_attack
27,llama_mlp,model.layers.13.mlp.gate_proj,8192,l2_norm,0.000732421875,3,llama-3.2-1b,canonical_attack
28,llama_attn,model.layers.14.self_attn.q_proj,8,l2_norm,0.0,3,llama-3.2-1b,canonical_attack
29,llama_mlp,model.layers.14.mlp.gate_proj,8192,l2_norm,0.00146484375,3,llama-3.2-1b,canonical_attack
30,llama_attn,model.layers.15.self_attn.q_proj,8,l2_norm,0.0,3,llama-3.2-1b,canonical_attack
31,llama_mlp,model.layers.15.mlp.gate_proj,8192,l2_norm,0.001953125,3,llama-3.2-1b,canonical_attack
-1,aggregate,all,-1,l2_norm,0.0008079268292682926,3,llama-3.2-1b,canonical_attack
0,llama_attn,model.layers.0.self_attn.q_proj,8,bias_value,0.0,3,llama-3.2-1b,canonical_attack
1,llama_mlp,model.layers.0.mlp.gate_proj,8192,bias_value,0.00048828125,3,llama-3.2-1b,canonical_attack
2,llama_attn,model.layers.1.self_attn.q_proj,8,bias_value,0.0,3,llama-3.2-1b,canonical_attack
3,llama_mlp,model.layers.1.mlp.gate_proj,8192,bias_value,0.00146484375,3,llama-3.2-1b,canonical_attack
4,llama_attn,model.layers.2.self_attn.q_proj,8,bias_value,0.0,3,llama-3.2-1b,canonical_attack
5,llama_mlp,model.layers.2.mlp.gate_proj,8192,bias_value,0.0009765625,3,llama-3.2-1b,canonical_attack
6,llama_attn,model.layers.3.self_attn.q_proj,8,bias_value,0.0,3,llama-3.2-1b,canonical_attack
7,llama_mlp,model.layers.3.mlp.gate_proj,8192,bias_value,0.000244140625,3,llama-3.2-1b,canonical_attack
8,llama_attn,model.layers.4.self_attn.q_proj,8,bias_value,0.0,3,llama-3.2-1b,canonical_attack
9,llama_mlp,model.layers.4.mlp.gate_proj,8192,bias_value,0.0,3,llama-3.2-1b,canonical_attack
10,llama_attn,model.layers.5.self_attn.q_proj,8,bias_value,0.0,3,llama-3.2-1b,canonical_attack
11,llama_mlp,model.layers.5.mlp.gate_proj,8192,bias_value,0.00048828125,3,llama-3.2-1b,canonical_attack
12,llama_attn,model.layers.6.self_attn.q_proj,8,bias_value,0.0,3,llama-3.2-1b,canonical_attack
13,llama_mlp,model.layers.6.mlp.gate_proj,8192,bias_value,0.0,3,llama-3.2-1b,canonical_attack
14,llama_attn,model.layers.7.self_attn.q_proj,8,bias_value,0.0,3,llama-3.2-1b,canonical_attack
15,llama_mlp,model.layers.7.mlp.gate_proj,8192,bias_value,0.000244140625,3,llama-3.2-1b,canonical_attack
16,llama_attn,model.layers.8.self_attn.q_proj,8,bias_value,0.0,3,llama-3.2-1b,canonical_attack
17,llama_mlp,model.layers.8.mlp.gate_proj,8192,bias_value,0.0,3,llama-3.2-1b,canonical_attack
18,llama_attn,model.layers.9.self_attn.q_proj,8,bias_value,0.0,3,llama-3.2-1b,canonical_attack
19,llama_mlp,model.layers.9.mlp.gate_proj,8192,bias_value,0.000244140625,3,llama-3.2-1b,canonical_attack
20,llama_attn,model.layers.10.self_attn.q_proj,8,bias_value,0.0,3,llama-3.2-1b,canonical_attack
21,llama_mlp,model.layers.10.mlp.gate_proj,8192,bias_value,0.0,3,llama-3.2-1b,canonical_attack
22,llama_attn,model.layers.11.self_attn.q_proj,8,bias_value,0.0,3,llama-3.2-1b,canonical_attack
23,llama_mlp,model.layers.11.mlp.gate_proj,8192,bias_value,0.00048828125,3,llama-3.2-1b,canonical_attack
24,llama_attn,model.layers.12.self_attn.q_proj,8,bias_value,0.0,3,llama-3.2-1b,canonical_attack
25,llama_mlp,model.layers.12.mlp.gate_proj,8192,bias_value,0.000732421875,3,llama-3.2-1b,canonical_attack
26,llama_attn,model.layers.13.self_attn.q_proj,8,bias_value,0.0,3,llama-3.2-1b,canonical_attack
27,llama_mlp,model.layers.13.mlp.gate_proj,8192,bias_value,0.002197265625,3,llama-3.2-1b,canonical_attack
28,llama_attn,model.layers.14.self_attn.q_proj,8,bias_value,0.0,3,llama-3.2-1b,canonical_attack
29,llama_mlp,model.layers.14.mlp.gate_proj,8192,bias_value,0.001953125,3,llama-3.2-1b,canonical_attack
30,llama_attn,model.layers.15.self_attn.q_proj,8,bias_value,0.0,3,llama-3.2-1b,canonical_attack
31,llama_mlp,model.layers.15.mlp.gate_proj,8192,bias_value,0.00146484375,3,llama-3.2-1b,canonical_attack
-1,aggregate,all,-1,bias_value,0.0006859756097560975,3,llama-3.2-1b,canonical_attack
0,llama_attn,model.layers.0.self_attn.q_proj,8,variance,0.0,3,llama-3.2-1b,canonical_attack
1,llama_mlp,model.layers.0.mlp.gate_proj,8192,variance,0.00146484375,3,llama-3.2-1b,canonical_attack
2,llama_attn,model.layers.1.self_attn.q_proj,8,variance,0.0,3,llama-3.2-1b,canonical_attack
3,llama_mlp,model.layers.1.mlp.gate_proj,8192,variance,0.001220703125,3,llama-3.2-1b,canonical_attack
4,llama_attn,model.layers.2.self_attn.q_proj,8,variance,0.0,3,llama-3.2-1b,canonical_attack
5,llama_mlp,model.layers.2.mlp.gate_proj,8192,variance,0.000244140625,3,llama-3.2-1b,canonical_attack
6,llama_attn,model.layers.3.self_attn.q_proj,8,variance,0.0,3,llama-3.2-1b,canonical_attack
7,llama_mlp,model.layers.3.mlp.gate_proj,8192,variance,0.000732421875,3,llama-3.2-1b,canonical_attack
8,llama_attn,model.layers.4.self_attn.q_proj,8,variance,0.0,3,llama-3.2-1b,canonical_attack
9,llama_mlp,model.layers.4.mlp.gate_proj,8192,variance,0.0,3,llama-3.2-1b,canonical_attack
10,llama_attn,model.layers.5.self_attn.q_proj,8,variance,0.0,3,llama-3.2-1b,canonical_attack
11,llama_mlp,model.layers.5.mlp.gate_proj,8192,variance,0.000244140625,3,llama-3.2-1b,canonical_attack
12,llama_attn,model.layers.6.self_attn.q_proj,8,variance,0.0,3,llama-3.2-1b,canonical_attack
13,llama_mlp,model.layers.6.mlp.gate_proj,8192,variance,0.0,3,llama-3.2-1b,canonical_attack
14,llama_attn,model.layers.7.self_attn.q_proj,8,variance,0.0,3,llama-3.2-1b,canonical_attack
15,llama_mlp,model.layers.7.mlp.gate_proj,8192,variance,0.00048828125,3,llama-3.2-1b,canonical_attack
16,llama_attn,model.layers.8.self_attn.q_proj,8,variance,0.0,3,llama-3.2-1b,canonical_attack
17,llama_mlp,model.layers.8.mlp.gate_proj,8192,variance,0.000244140625,3,llama-3.2-1b,canonical_attack
18,llama_attn,model.layers.9.self_attn.q_proj,8,variance,0.0,3,llama-3.2-1b,canonical_attack
19,llama_mlp,model.layers.9.mlp.gate_proj,8192,variance,0.000244140625,3,llama-3.2-1b,canonical_attack
20,llama_attn,model.layers.10.self_attn.q_proj,8,variance,0.0,3,llama-3.2-1b,canonical_attack
21,llama_mlp,model.layers.10.mlp.gate_proj,8192,variance,0.00048828125,3,llama-3.2-1b,canonical_attack
22,llama_attn,model.layers.11.self_attn.q_proj,8,variance,0.0,3,llama-3.2-1b,canonical_attack
23,llama_mlp,model.layers.11.mlp.gate_proj,8192,variance,0.0,3,llama-3.2-1b,canonical_attack
24,llama_attn,model.layers.12.self_attn.q_proj,8,variance,0.0,3,llama-3.2-1b,canonical_attack
25,llama_mlp,model.layers.12.mlp.gate_proj,8192,variance,0.0,3,llama-3.2-1b,canonical_attack
26,llama_attn,model.layers.13.self_attn.q_proj,8,variance,0.0,3,llama-3.2-1b,canonical_attack
27,llama_mlp,model.layers.13.mlp.gate_proj,8192,variance,0.0,3,llama-3.2-1b,canonical_attack
28,llama_attn,model.layers.14.self_attn.q_proj,8,variance,0.0,3,llama-3.2-1b,canonical_attack
29,llama_mlp,model.layers.14.mlp.gate_proj,8192,variance,0.000732421875,3,llama-3.2-1b,canonical_attack
30,llama_attn,model.layers.15.self_attn.q_proj,8,variance,0.0,3,llama-3.2-1b,canonical_attack
31,llama_mlp,model.layers.15.mlp.gate_proj,8192,variance,0.000732421875,3,llama-3.2-1b,canonical_attack
-1,aggregate,all,-1,variance,0.0004268292682926829,3,llama-3.2-1b,canonical_attack
0,llama_attn,model.layers.0.self_attn.q_proj,8,l1_norm,0.0,4,llama-3.2-1b,canonical_attack
1,llama_mlp,model.layers.0.mlp.gate_proj,8192,l1_norm,0.000732421875,4,llama-3.2-1b,canonical_attack
2,llama_attn,model.layers.1.self_attn.q_proj,8,l1_norm,0.0,4,llama-3.2-1b,canonical_attack
3,llama_mlp,model.layers.1.mlp.gate_proj,8192,l1_norm,0.00048828125,4,llama-3.2-1b,canonical_attack
4,llama_attn,model.layers.2.self_attn.q_proj,8,l1_norm,0.0,4,llama-3.2-1b,canonical_attack
5,llama_mlp,model.layers.2.mlp.gate_proj,8192,l1_norm,0.00048828125,4,llama-3.2-1b,canonical_attack
6,llama_attn,model.layers.3.self_attn.q_proj,8,l1_norm,0.0,4,llama-3.2-1b,canonical_attack
7,llama_mlp,model.layers.3.mlp.gate_proj,8192,l1_norm,0.000244140625,4,llama-3.2-1b,canonical_attack
8,llama_attn,model.layers.4.self_attn.q_proj,8,l1_norm,0.0,4,llama-3.2-1b,canonical_attack
9,llama_mlp,model.layers.4.mlp.gate_proj,8192,l1_norm,0.000244140625,4,llama-3.2-1b,canonical_attack
10,llama_attn,model.layers.5.self_attn.q_proj,8,l1_norm,0.0,4,llama-3.2-1b,canonical_attack
11,llama_mlp,model.layers.5.mlp.gate_proj,8192,l1_norm,0.00048828125,4,llama-3.2-1b,canonical_attack
12,llama_attn,model.layers.6.self_attn.q_proj,8,l1_norm,0.0,4,llama-3.2-1b,canonical_attack
13,llama_mlp,model.layers.6.mlp.gate_proj,8192,l1_norm,0.0,4,llama-3.2-1b,canonical_attack
14,llama_attn,model.layers.7.self_attn.q_proj,8,l1_norm,0.0,4,llama-3.2-1b,canonical_attack
15,llama_mlp,model.layers.7.mlp.gate_proj,8192,l1_norm,0.00146484375,4,llama-3.2-1b,canonical_attack
16,llama_attn,model.layers.8.self_attn.q_proj,8,l1_norm,0.0,4,llama-3.2-1b,canonical_attack
17,llama_mlp,model.layers.8.mlp.gate_proj,8192,l1_norm,0.00048828125,4,llama-3.2-1b,canonical_attack
18,llama_attn,model.layers.9.self_attn.q_proj,8,l1_norm,0.0,4,llama-3.2-1b,canonical_attack
19,llama_mlp,model.layers.9.mlp.gate_proj,8192,l1_norm,0.000244140625,4,llama-3.2-1b,canonical_attack
20,llama_attn,model.layers.10.self_attn.q_proj,8,l1_norm,0.0,4,llama-3.2-1b,canonical_attack
21,llama_mlp,model.layers.10.mlp.gate_proj,8192,l1_norm,0.0009765625,4,llama-3.2-1b,canonical_attack
22,llama_attn,model.layers.11.self_attn.q_proj,8,l1_norm,0.0,4,llama-3.2-1b,canonical_attack
23,llama_mlp,model.layers.11.mlp.gate_proj,8192,l1_norm,0.00048828125,4,llama-3.2-1b,canonical_attack
24,llama_attn,model.layers.12.self_attn.q_proj,8,l1_norm,0.0,4,llama-3.2-1b,canonical_attack
25,llama_mlp,model.layers.12.mlp.gate_proj,8192,l1_norm,0.00146484375,4,llama-3.2-1b,canonical_attack
26,llama_attn,model.layers.13.self_attn.q_proj,8,l1_norm,0.0,4,llama-3.2-1b,canonical_attack
27,llama_mlp,model.layers.13.mlp.gate_proj,8192,l1_norm,0.001220703125,4,llama-3.2-1b,canonical_attack
28,llama_attn,model.layers.14.self_attn.q_proj,8,l1_norm,0.0,4,llama-3.2-1b,canonical_attack
29,llama_mlp,model.layers.14.mlp.gate_proj,8192,l1_norm,0.000732421875,4,llama-3.2-1b,canonical_attack
30,llama_attn,model.layers.15.self_attn.q_proj,8,l1_norm,0.0,4,llama-3.2-1b,canonical_attack
31,llama_mlp,model.layers.15.mlp.gate_proj,8192,l1_norm,0.00146484375,4,llama-3.2-1b,canonical_attack
-1,aggregate,all,-1,l1_norm,0.0007012195121951219,4,llama-3.2-1b,canonical_attack
0,llama_attn,model.layers.0.self_attn.q_proj,8,l2_norm,0.0,4,llama-3.2-1b,canonical_attack
1,llama_mlp,model.layers.0.mlp.gate_proj,8192,l2_norm,0.003173828125,4,llama-3.2-1b,canonical_attack
2,llama_attn,model.layers.1.self_attn.q_proj,8,l2_norm,0.0,4,llama-3.2-1b,canonical_attack
3,llama_mlp,model.layers.1.mlp.gate_proj,8192,l2_norm,0.002197265625,4,llama-3.2-1b,canonical_attack
4,llama_attn,model.layers.2.self_attn.q_proj,8,l2_norm,0.0,4,llama-3.2-1b,canonical_attack
5,llama_mlp,model.layers.2.mlp.gate_proj,8192,l2_norm,0.000244140625,4,llama-3.2-1b,canonical_attack
6,llama_attn,model.layers.3.self_attn.q_proj,8,l2_norm,0.0,4,llama-3.2-1b,canonical_attack
7,llama_mlp,model.layers.3.mlp.gate_proj,8192,l2_norm,0.0009765625,4,llama-3.2-1b,canonical_attack
8,llama_attn,model.layers.4.self_attn.q_proj,8,l2_norm,0.0,4,llama-3.2-1b,canonical_attack
9,llama_mlp,model.layers.4.mlp.gate_proj,8192,l2_norm,0.00048828125,4,llama-3.2-1b,canonical_attack
10,llama_attn,model.layers.5.self_attn.q_proj,8,l2_norm,0.0,4,llama-3.2-1b,canonical_attack
11,llama_mlp,model.layers.5.mlp.gate_proj,8192,l2_norm,0.0,4,llama-3.2-1b,canonical_attack
12,llama_attn,model.layers.6.self_attn.q_proj,8,l2_norm,0.0,4,llama-3.2-1b,canonical_attack
13,llama_mlp,model.layers.6.mlp.gate_proj,8192,l2_norm,0.000732421875,4,llama-3.2-1b,canonical_attack
14,llama_attn,model.layers.7.self_attn.q_proj,8,l2_norm,0.0,4,llama-3.2-1b,canonical_attack
15,llama_mlp,model.layers.7.mlp.gate_proj,8192,l2_norm,0.000244140625,4,llama-3.2-1b,canonical_attack
16,llama_attn,model.layers.8.self_attn.q_proj,8,l2_norm,0.0,4,llama-3.2-1b,canonical_attack
17,llama_mlp,model.layers.8.mlp.gate_proj,8192,l2_norm,0.000244140625,4,llama-3.2-1b,canonical_attack
18,llama_attn,model.layers.9.self_attn.q_proj,8,l2_norm,0.0,4,llama-3.2-1b,canonical_attack
19,llama_mlp,model.layers.9.mlp.gate_proj,8192,l2_norm,0.000244140625,4,llama-3.2-1b,canonical_attack
20,llama_attn,model.layers.10.self_attn.q_proj,8,l2_norm,0.0,4,llama-3.2-1b,canonical_attack
21,llama_mlp,model.layers.10.mlp.gate_proj,8192,l2_norm,0.00048828125,4,llama-3.2-1b,canonical_attack
22,llama_attn,model.layers.11.self_attn.q_proj,8,l2_norm,0.0,4,llama-3.2-1b,canonical_attack
23,llama_mlp,model.layers.11.mlp.gate_proj,8192,l2_norm,0.000244140625,4,llama-3.2-1b,canonical_attack
24,llama_attn,model.layers.12.self_attn.q_proj,8,l2_norm,0.0,4,llama-3.2-1b,canonical_attack
25,llama_mlp,model.layers.12.mlp.gate_proj,8192,l2_norm,0.0009765625,4,llama-3.2-1b,canonical_attack
26,llama_attn,model.layers.13.self_attn.q_proj,8,l2_norm,0.0,4,llama-3.2-1b,canonical_attack
27,llama_mlp,model.layers.13.mlp.gate_proj,8192,l2_norm,0.000732421875,4,llama-3.2-1b,canonical_attack
28,llama_attn,model.layers.14.self_attn.q_proj,8,l2_norm,0.0,4,llama-3.2-1b,canonical_attack
29,llama_mlp,model.layers.14.mlp.gate_proj,8192,l2_norm,0.0009765625,4,llama-3.2-1b,canonical_attack
30,llama_attn,model.layers.15.self_attn.q_proj,8,l2_norm,0.0,4,llama-3.2-1b,canonical_attack
31,llama_mlp,model.layers.15.mlp.gate_proj,8192,l2_norm,0.00146484375,4,llama-3.2-1b,canonical_attack
-1,aggregate,all,-1,l2_norm,0.0008384146341463414,4,llama-3.2-1b,canonical_attack
0,llama_attn,model.layers.0.self_attn.q_proj,8,bias_value,0.0,4,llama-3.2-1b,canonical_attack
1,llama_mlp,model.layers.0.mlp.gate_proj,8192,bias_value,0.000732421875,4,llama-3.2-1b,canonical_attack
2,llama_attn,model.layers.1.self_attn.q_proj,8,bias_value,0.0,4,llama-3.2-1b,canonical_attack
3,llama_mlp,model.layers.1.mlp.gate_proj,8192,bias_value,0.00048828125,4,llama-3.2-1b,canonical_attack
4,llama_attn,model.layers.2.self_attn.q_proj,8,bias_value,0.0,4,llama-3.2-1b,canonical_attack
5,llama_mlp,model.layers.2.mlp.gate_proj,8192,bias_value,0.00048828125,4,llama-3.2-1b,canonical_attack
6,llama_attn,model.layers.3.self_attn.q_proj,8,bias_value,0.0,4,llama-3.2-1b,canonical_attack
7,llama_mlp,model.layers.3.mlp.gate_proj,8192,bias_value,0.000244140625,4,llama-3.2-1b,canonical_attack
8,llama_attn,model.layers.4.self_attn.q_proj,8,bias_value,0.0,4,llama-3.2-1b,canonical_attack
9,llama_mlp,model.layers.4.mlp.gate_proj,8192,bias_value,0.000244140625,4,llama-3.2-1b,canonical_attack
10,llama_attn,model.layers.5.self_attn.q_proj,8,bias_value,0.0,4,llama-3.2-1b,canonical_attack
11,llama_mlp,model.layers.5.mlp.gate_proj,8192,bias_value,0.00048828125,4,llama-3.2-1b,canonical_attack
12,llama_attn,model.layers.6.self_attn.q_proj,8,bias_value,0.0,4,llama-3.2-1b,canonical_attack
13,llama_mlp,model.layers.6.mlp.gate_proj,8192,bias_value,0.0,4,llama-3.2-1b,canonical_attack
14,llama_attn,model.layers.7.self_attn.q_proj,8,bias_value,0.0,4,llama-3.2-1b,canonical_attack
15,llama_mlp,model.layers.7.mlp.gate_proj,8192,bias_value,0.00146484375,4,llama-3.2-1b,canonical_attack
16,llama_attn,model.layers.8.self_attn.q_proj,8,bias_value,0.0,4,llama-3.2-1b,canonical_attack
17,llama_mlp,model.layers.8.mlp.gate_proj,8192,bias_value,0.00048828125,4,llama-3.2-1b,canonical_attack
18,llama_attn,model.layers.9.self_attn.q_proj,8,bias_value,0.0,4,llama-3.2-1b,canonical_attack
19,llama_mlp,model.layers.9.mlp.gate_proj,8192,bias_value,0.000244140625,4,llama-3.2-1b,canonical_attack
20,llama_attn,model.layers.10.self_attn.q_proj,8,bias_value,0.0,4,llama-3.2-1b,canonical_attack
21,llama_mlp,model.layers.10.mlp.gate_proj,8192,bias_value,0.0009765625,4,llama-3.2-1b,canonical_attack
22,llama_attn,model.layers.11.self_attn.q_proj,8,bias_value,0.0,4,llama-3.2-1b,canonical_attack
23,llama_mlp,model.layers.11.mlp.gate_proj,8192,bias_value,0.00048828125,4,llama-3.2-1b,canonical_attack
24,llama_attn,model.layers.12.self_attn.q_proj,8,bias_value,0.0,4,llama-3.2-1b,canonical_attack
25,llama_mlp,model.layers.12.mlp.gate_proj,8192,bias_value,0.00146484375,4,llama-3.2-1b,canonical_attack
26,llama_attn,model.layers.13.self_attn.q_proj,8,bias_value,0.0,4,llama-3.2-1b,canonical_attack
27,llama_mlp,model.layers.13.mlp.gate_proj,8192,bias_value,0.001220703125,4,llama-3.2-1b,canonical_attack
28,llama_attn,model.layers.14.self_attn.q_proj,8,bias_value,0.0,4,llama-3.2-1b,canonical_attack
29,llama_mlp,model.layers.14.mlp.gate_proj,8192,bias_value,0.000732421875,4,llama-3.2-1b,canonical_attack
30,llama_attn,model.layers.15.self_attn.q_proj,8,bias_value,0.0,4,llama-3.2-1b,canonical_attack
31,llama_mlp,model.layers.15.mlp.gate_proj,8192,bias_value,0.00146484375,4,llama-3.2-1b,canonical_attack
-1,aggregate,all,-1,bias_value,0.0007012195121951219,4,llama-3.2-1b,canonical_attack
0,llama_attn,model.layers.0.self_attn.q_proj,8,variance,0.0,4,llama-3.2-1b,canonical_attack
1,llama_mlp,model.layers.0.mlp.gate_proj,8192,variance,0.001220703125,4,llama-3.2-1b,canonical_attack
2,llama_attn,model.layers.1.self_attn.q_proj,8,variance,0.0,4,llama-3.2-1b,canonical_attack
3,llama_mlp,model.layers.1.mlp.gate_proj,8192,variance,0.0009765625,4,llama-3.2-1b,canonical_attack
4,llama_attn,model.layers.2.self_attn.q_proj,8,variance,0.0,4,llama-3.2-1b,canonical_attack
5,llama_mlp,model.layers.2.mlp.gate_proj,8192,variance,0.0,4,llama-3.2-1b,canonical_attack
6,llama_attn,model.layers.3.self_attn.q_proj,8,variance,0.0,4,llama-3.2-1b,canonical_attack
7,llama_mlp,model.layers.3.mlp.gate_proj,8192,variance,0.0009765625,4,llama-3.2-1b,canonical_attack
8,llama_attn,model.layers.4.self_attn.q_proj,8,variance,0.0,4,llama-3.2-1b,canonical_attack
9,llama_mlp,model.layers.4.mlp.gate_proj,8192,variance,0.0,4,llama-3.2-1b,canonical_attack
10,llama_attn,model.layers.5.self_attn.q_proj,8,variance,0.0,4,llama-3.2-1b,canonical_attack
11,llama_mlp,model.layers.5.mlp.gate_proj,8192,variance,0.000244140625,4,llama-3.2-1b,canonical_attack
12,llama_attn,model.layers.6.self_attn.q_proj,8,variance,0.0,4,llama-3.2-1b,canonical_attack
13,llama_mlp,model.layers.6.mlp.gate_proj,8192,variance,0.000244140625,4,llama-3.2-1b,canonical_attack
14,llama_attn,model.layers.7.self_attn.q_proj,8,variance,0.0,4,llama-3.2-1b,canonical_attack
15,llama_mlp,model.layers.7.mlp.gate_proj,8192,variance,0.0,4,llama-3.2-1b,canonical_attack
16,llama_attn,model.layers.8.self_attn.q_proj,8,variance,0.0,4,llama-3.2-1b,canonical_attack
17,llama_mlp,model.layers.8.mlp.gate_proj,8192,variance,0.000244140625,4,llama-3.2-1b,canonical_attack
18,llama_attn,model.layers.9.self_attn.q_proj,8,variance,0.0,4,llama-3.2-1b,canonical_attack
19,llama_mlp,model.layers.9.mlp.gate_proj,8192,variance,0.000244140625,4,llama-3.2-1b,canonical_attack
20,llama_attn,model.layers.10.self_attn.q_proj,8,variance,0.0,4,llama-3.2-1b,canonical_attack
21,llama_mlp,model.layers.10.mlp.gate_proj,8192,variance,0.000244140625,4,llama-3.2-1b,canonical_attack
22,llama_attn,model.layers.11.self_attn.q_proj,8,variance,0.0,4,llama-3.2-1b,canonical_attack
23,llama_mlp,model.layers.11.mlp.gate_proj,8192,variance,0.0,4,llama-3.2-1b,canonical_attack
24,llama_attn,model.layers.12.self_attn.q_proj,8,variance,0.0,4,llama-3.2-1b,canonical_attack
25,llama_mlp,model.layers.12.mlp.gate_proj,8192,variance,0.00048828125,4,llama-3.2-1b,canonical_attack
26,llama_attn,model.layers.13.self_attn.q_proj,8,variance,0.0,4,llama-3.2-1b,canonical_attack
27,llama_mlp,model.layers.13.mlp.gate_proj,8192,variance,0.0,4,llama-3.2-1b,canonical_attack
28,llama_attn,model.layers.14.self_attn.q_proj,8,variance,0.0,4,llama-3.2-1b,canonical_attack
29,llama_mlp,model.layers.14.mlp.gate_proj,8192,variance,0.0009765625,4,llama-3.2-1b,canonical_attack
30,llama_attn,model.layers.15.self_attn.q_proj,8,variance,0.0,4,llama-3.2-1b,canonical_attack
31,llama_mlp,model.layers.15.mlp.gate_proj,8192,variance,0.001220703125,4,llama-3.2-1b,canonical_attack
-1,aggregate,all,-1,variance,0.00044207317073170733,4,llama-3.2-1b,canonical_attack
0,llama_attn,model.layers.0.self_attn.q_proj,8,l1_norm,0.0,5,llama-3.2-1b,canonical_attack
1,llama_mlp,model.layers.0.mlp.gate_proj,8192,l1_norm,0.000732421875,5,llama-3.2-1b,canonical_attack
2,llama_attn,model.layers.1.self_attn.q_proj,8,l1_norm,0.0,5,llama-3.2-1b,canonical_attack
3,llama_mlp,model.layers.1.mlp.gate_proj,8192,l1_norm,0.0009765625,5,llama-3.2-1b,canonical_attack
4,llama_attn,model.layers.2.self_attn.q_proj,8,l1_norm,0.0,5,llama-3.2-1b,canonical_attack
5,llama_mlp,model.layers.2.mlp.gate_proj,8192,l1_norm,0.001220703125,5,llama-3.2-1b,canonical_attack
6,llama_attn,model.layers.3.self_attn.q_proj,8,l1_norm,0.0,5,llama-3.2-1b,canonical_attack
7,llama_mlp,model.layers.3.mlp.gate_proj,8192,l1_norm,0.000244140625,5,llama-3.2-1b,canonical_attack
8,llama_attn,model.layers.4.self_attn.q_proj,8,l1_norm,0.0,5,llama-3.2-1b,canonical_attack
9,llama_mlp,model.layers.4.mlp.gate_proj,8192,l1_norm,0.000244140625,5,llama-3.2-1b,canonical_attack
10,llama_attn,model.layers.5.self_attn.q_proj,8,l1_norm,0.0,5,llama-3.2-1b,canonical_attack
11,llama_mlp,model.layers.5.mlp.gate_proj,8192,l1_norm,0.0,5,llama-3.2-1b,canonical_attack
12,llama_attn,model.layers.6.self_attn.q_proj,8,l1_norm,0.0,5,llama-3.2-1b,canonical_attack
13,llama_mlp,model.layers.6.mlp.gate_proj,8192,l1_norm,0.0,5,llama-3.2-1b,canonical_attack
14,llama_attn,model.layers.7.self_attn.q_proj,8,l1_norm,0.0,5,llama-3.2-1b,canonical_attack
15,llama_mlp,model.layers.7.mlp.gate_proj,8192,l1_norm,0.00048828125,5,llama-3.2-1b,canonical_attack
16,llama_attn,model.layers.8.self_attn.q_proj,8,l1_norm,0.0,5,llama-3.2-1b,canonical_attack
17,llama_mlp,model.layers.8.mlp.gate_proj,8192,l1_norm,0.000244140625,5,llama-3.2-1b,canonical_attack
18,llama_attn,model.layers.9.self_attn.q_proj,8,l1_norm,0.0,5,llama-3.2-1b,canonical_attack
19,llama_mlp,model.layers.9.mlp.gate_proj,8192,l1_norm,0.0,5,llama-3.2-1b,canonical_attack
20,llama_attn,model.layers.10.self_attn.q_proj,8,l1_norm,0.0,5,llama-3.2-1b,canonical_attack
21,llama_mlp,model.layers.10.mlp.gate_proj,8192,l1_norm,0.000244140625,5,llama-3.2-1b,canonical_attack
22,llama_attn,model.layers.11.self_attn.q_proj,8,l1_norm,0.0,5,llama-3.2-1b,canonical_attack
23,llama_mlp,model.layers.11.mlp.gate_proj,8192,l1_norm,0.00048828125,5,llama-3.2-1b,canonical_attack
24,llama_attn,model.layers.12.self_attn.q_proj,8,l1_norm,0.0,5,llama-3.2-1b,canonical_attack
25,llama_mlp,model.layers.12.mlp.gate_proj,8192,l1_norm,0.001220703125,5,llama-3.2-1b,canonical_attack
26,llama_attn,model.layers.13.self_attn.q_proj,8,l1_norm,0.0,5,llama-3.2-1b,canonical_attack
27,llama_mlp,model.layers.13.mlp.gate_proj,8192,l1_norm,0.001220703125,5,llama-3.2-1b,canonical_attack
28,llama_attn,model.layers.14.self_attn.q_proj,8,l1_norm,0.0,5,llama-3.2-1b,canonical_attack
29,llama_mlp,model.layers.14.mlp.gate_proj,8192,l1_norm,0.001220703125,5,llama-3.2-1b,canonical_attack
30,llama_attn,model.layers.15.self_attn.q_proj,8,l1_norm,0.0,5,llama-3.2-1b,canonical_attack
31,llama_mlp,model.layers.15.mlp.gate_proj,8192,l1_norm,0.000244140625,5,llama-3.2-1b,canonical_attack
-1,aggregate,all,-1,l1_norm,0.0005487804878048781,5,llama-3.2-1b,canonical_attack
0,llama_attn,model.layers.0.self_attn.q_proj,8,l2_norm,0.0,5,llama-3.2-1b,canonical_attack
1,llama_mlp,model.layers.0.mlp.gate_proj,8192,l2_norm,0.002685546875,5,llama-3.2-1b,canonical_attack
2,llama_attn,model.layers.1.self_attn.q_proj,8,l2_norm,0.0,5,llama-3.2-1b,canonical_attack
3,llama_mlp,model.layers.1.mlp.gate_proj,8192,l2_norm,0.001953125,5,llama-3.2-1b,canonical_attack
4,llama_attn,model.layers.2.self_attn.q_proj,8,l2_norm,0.0,5,llama-3.2-1b,canonical_attack
5,llama_mlp,model.layers.2.mlp.gate_proj,8192,l2_norm,0.00048828125,5,llama-3.2-1b,canonical_attack
6,llama_attn,model.layers.3.self_attn.q_proj,8,l2_norm,0.0,5,llama-3.2-1b,canonical_attack
7,llama_mlp,model.layers.3.mlp.gate_proj,8192,l2_norm,0.000732421875,5,llama-3.2-1b,canonical_attack
8,llama_attn,model.layers.4.self_attn.q_proj,8,l2_norm,0.0,5,llama-3.2-1b,canonical_attack
9,llama_mlp,model.layers.4.mlp.gate_proj,8192,l2_norm,0.000732421875,5,llama-3.2-1b,canonical_attack
10,llama_attn,model.layers.5.self_attn.q_proj,8,l2_norm,0.0,5,llama-3.2-1b,canonical_attack
11,llama_mlp,model.layers.5.mlp.gate_proj,8192,l2_norm,0.0,5,llama-3.2-1b,canonical_attack
12,llama_attn,model.layers.6.self_attn.q_proj,8,l2_norm,0.0,5,llama-3.2-1b,canonical_attack
13,llama_mlp,model.layers.6.mlp.gate_proj,8192,l2_norm,0.00048828125,5,llama-3.2-1b,canonical_attack
14,llama_attn,model.layers.7.self_attn.q_proj,8,l2_norm,0.0,5,llama-3.2-1b,canonical_attack
15,llama_mlp,model.layers.7.mlp.gate_proj,8192,l2_norm,0.0,5,llama-3.2-1b,canonical_attack
16,llama_attn,model.layers.8.self_attn.q_proj,8,l2_norm,0.0,5,llama-3.2-1b,canonical_attack
17,llama_mlp,model.layers.8.mlp.gate_proj,8192,l2_norm,0.000732421875,5,llama-3.2-1b,canonical_attack
18,llama_attn,model.layers.9.self_attn.q_proj,8,l2_norm,0.0,5,llama-3.2-1b,canonical_attack
19,llama_mlp,model.layers.9.mlp.gate_proj,8192,l2_norm,0.000244140625,5,llama-3.2-1b,canonical_attack
20,llama_attn,model.layers.10.self_attn.q_proj,8,l2_norm,0.0,5,llama-3.2-1b,canonical_attack
21,llama_mlp,model.layers.10.mlp.gate_proj,8192,l2_norm,0.000244140625,5,llama-3.2-1b,canonical_attack
22,llama_attn,model.layers.11.self_attn.q_proj,8,l2_norm,0.0,5,llama-3.2-1b,canonical_attack
23,llama_mlp,model.layers.11.mlp.gate_proj,8192,l2_norm,0.00048828125,5,llama-3.2-1b,canonical_attack
24,llama_attn,model.layers.12.self_attn.q_proj,8,l2_norm,0.0,5,llama-3.2-1b,canonical_attack
25,llama_mlp,model.layers.12.mlp.gate_proj,8192,l2_norm,0.00146484375,5,llama-3.2-1b,canonical_attack
26,llama_attn,model.layers.13.self_attn.q_proj,8,l2_norm,0.0,5,llama-3.2-1b,canonical_attack
27,llama_mlp,model.layers.13.mlp.gate_proj,8192,l2_norm,0.001220703125,5,llama-3.2-1b,canonical_attack
28,llama_attn,model.layers.14.self_attn.q_proj,8,l2_norm,0.0,5,llama-3.2-1b,canonical_attack
29,llama_mlp,model.layers.14.mlp.gate_proj,8192,l2_norm,0.0009765625,5,llama-3.2-1b,canonical_attack
30,llama_attn,model.layers.15.self_attn.q_proj,8,l2_norm,0.0,5,llama-3.2-1b,canonical_attack
31,llama_mlp,model.layers.15.mlp.gate_proj,8192,l2_norm,0.00146484375,5,llama-3.2-1b,canonical_attack
-1,aggregate,all,-1,l2_norm,0.0008689024390243903,5,llama-3.2-1b,canonical_attack
0,llama_attn,model.layers.0.self_attn.q_proj,8,bias_value,0.0,5,llama-3.2-1b,canonical_attack
1,llama_mlp,model.layers.0.mlp.gate_proj,8192,bias_value,0.000732421875,5,llama-3.2-1b,canonical_attack
2,llama_attn,model.layers.1.self_attn.q_proj,8,bias_value,0.0,5,llama-3.2-1b,canonical_attack
3,llama_mlp,model.layers.1.mlp.gate_proj,8192,bias_value,0.0009765625,5,llama-3.2-1b,canonical_attack
4,llama_attn,model.layers.2.self_attn.q_proj,8,bias_value,0.0,5,llama-3.2-1b,canonical_attack
5,llama_mlp,model.layers.2.mlp.gate_proj,8192,bias_value,0.001220703125,5,llama-3.2-1b,canonical_attack
6,llama_attn,model.layers.3.self_attn.q_proj,8,bias_value,0.0,5,llama-3.2-1b,canonical_attack
7,llama_mlp,model.layers.3.mlp.gate_proj,8192,bias_value,0.000244140625,5,llama-3.2-1b,canonical_attack
8,llama_attn,model.layers.4.self_attn.q_proj,8,bias_value,0.0,5,llama-3.2-1b,canonical_attack
9,llama_mlp,model.layers.4.mlp.gate_proj,8192,bias_value,0.000244140625,5,llama-3.2-1b,canonical_attack
10,llama_attn,model.layers.5.self_attn.q_proj,8,bias_value,0.0,5,llama-3.2-1b,canonical_attack
11,llama_mlp,model.layers.5.mlp.gate_proj,8192,bias_value,0.0,5,llama-3.2-1b,canonical_attack
12,llama_attn,model.layers.6.self_attn.q_proj,8,bias_value,0.0,5,llama-3.2-1b,canonical_attack
13,llama_mlp,model.layers.6.mlp.gate_proj,8192,bias_value,0.0,5,llama-3.2-1b,canonical_attack
14,llama_attn,model.layers.7.self_attn.q_proj,8,bias_value,0.0,5,llama-3.2-1b,canonical_attack
15,llama_mlp,model.layers.7.mlp.gate_proj,8192,bias_value,0.00048828125,5,llama-3.2-1b,canonical_attack
16,llama_attn,model.layers.8.self_attn.q_proj,8,bias_value,0.0,5,llama-3.2-1b,canonical_attack
17,llama_mlp,model.layers.8.mlp.gate_proj,8192,bias_value,0.000244140625,5,llama-3.2-1b,canonical_attack
18,llama_attn,model.layers.9.self_attn.q_proj,8,bias_value,0.0,5,llama-3.2-1b,canonical_attack
19,llama_mlp,model.layers.9.mlp.gate_proj,8192,bias_value,0.0,5,llama-3.2-1b,canonical_attack
20,llama_attn,model.layers.10.self_attn.q_proj,8,bias_value,0.0,5,llama-3.2-1b,canonical_attack
21,llama_mlp,model.layers.10.mlp.gate_proj,8192,bias_value,0.000244140625,5,llama-3.2-1b,canonical_attack
22,llama_attn,model.layers.11.self_attn.q_proj,8,bias_value,0.0,5,llama-3.2-1b,canonical_attack
23,llama_mlp,model.layers.11.mlp.gate_proj,8192,bias_value,0.00048828125,5,llama-3.2-1b,canonical_attack
24,llama_attn,model.layers.12.self_attn.q_proj,8,bias_value,0.0,5,llama-3.2-1b,canonical_attack
25,llama_mlp,model.layers.12.mlp.gate_proj,8192,bias_value,0.001220703125,5,llama-3.2-1b,canonical_attack
26,llama_attn,model.layers.13.self_attn.q_proj,8,bias_value,0.0,5,llama-3.2-1b,canonical_attack
27,llama_mlp,model.layers.13.mlp.gate_proj,8192,bias_value,0.001220703125,5,llama-3.2-1b,canonical_attack
28,llama_attn,model.layers.14.self_attn.q_proj,8,bias_value,0.0,5,llama-3.2-1b,canonical_attack
29,llama_mlp,model.layers.14.mlp.gate_proj,8192,bias_value,0.001220703125,5,llama-3.2-1b,canonical_attack
30,llama_attn,model.layers.15.self_attn.q_proj,8,bias_value,0.0,5,llama-3.2-1b,canonical_attack
31,llama_mlp,model.layers.15.mlp.gate_proj,8192,bias_value,0.000244140625,5,llama-3.2-1b,canonical_attack
-1,aggregate,all,-1,bias_value,0.0005487804878048781,5,llama-3.2-1b,canonical_attack
0,llama_attn,model.layers.0.self_attn.q_proj,8,variance,0.0,5,llama-3.2-1b,canonical_attack
1,llama_mlp,model.layers.0.mlp.gate_proj,8192,variance,0.00048828125,5,llama-3.2-1b,canonical_attack
2,llama_attn,model.layers.1.self_attn.q_proj,8,variance,0.0,5,llama-3.2-1b,canonical_attack
3,llama_mlp,model.layers.1.mlp.gate_proj,8192,variance,0.00146484375,5,llama-3.2-1b,canonical_attack
4,llama_attn,model.layers.2.self_attn.q_proj,8,variance,0.0,5,llama-3.2-1b,canonical_attack
5,llama_mlp,model.layers.2.mlp.gate_proj,8192,variance,0.0,5,llama-3.2-1b,canonical_attack
6,llama_attn,model.layers.3.self_attn.q_proj,8,variance,0.0,5,llama-3.2-1b,canonical_attack
7,llama_mlp,model.layers.3.mlp.gate_proj,8192,variance,0.000732421875,5,llama-3.2-1b,canonical_attack
8,llama_attn,model.layers.4.self_attn.q_proj,8,variance,0.0,5,llama-3.2-1b,canonical_attack
9,llama_mlp,model.layers.4.mlp.gate_proj,8192,variance,0.0,5,llama-3.2-1b,canonical_attack
10,llama_attn,model.layers.5.self_attn.q_proj,8,variance,0.0,5,llama-3.2-1b,canonical_attack
11,llama_mlp,model.layers.5.mlp.gate_proj,8192,variance,0.000244140625,5,llama-3.2-1b,canonical_attack
12,llama_attn,model.layers.6.self_attn.q_proj,8,variance,0.0,5,llama-3.2-1b,canonical_attack
13,llama_mlp,model.layers.6.mlp.gate_proj,8192,variance,0.0,5,llama-3.2-1b,canonical_attack
14,llama_attn,model.layers.7.self_attn.q_proj,8,variance,0.0,5,llama-3.2-1b,canonical_attack
15,llama_mlp,model.layers.7.mlp.gate_proj,8192,variance,0.000244140625,5,llama-3.2-1b,canonical_attack
16,llama_attn,model.layers.8.self_attn.q_proj,8,variance,0.0,5,llama-3.2-1b,canonical_attack
17,llama_mlp,model.layers.8.mlp.gate_proj,8192,variance,0.0,5,llama-3.2-1b,canonical_attack
18,llama_attn,model.layers.9.self_attn.q_proj,8,variance,0.0,5,llama-3.2-1b,canonical_attack
19,llama_mlp,model.layers.9.mlp.gate_proj,8192,variance,0.0,5,llama-3.2-1b,canonical_attack
20,llama_attn,model.layers.10.self_attn.q_proj,8,variance,0.0,5,llama-3.2-1b,canonical_attack
21,llama_mlp,model.layers.10.mlp.gate_proj,8192,variance,0.00048828125,5,llama-3.2-1b,canonical_attack
22,llama_attn,model.layers.11.self_attn.q_proj,8,variance,0.0,5,llama-3.2-1b,canonical_attack
23,llama_mlp,model.layers.11.mlp.gate_proj,8192,variance,0.0,5,llama-3.2-1b,canonical_attack
24,llama_attn,model.layers.12.self_attn.q_proj,8,variance,0.0,5,llama-3.2-1b,canonical_attack
25,llama_mlp,model.layers.12.mlp.gate_proj,8192,variance,0.0,5,llama-3.2-1b,canonical_attack
26,llama_attn,model.layers.13.self_attn.q_proj,8,variance,0.0,5,llama-3.2-1b,canonical_attack
27,llama_mlp,model.layers.13.mlp.gate_proj,8192,variance,0.0,5,llama-3.2-1b,canonical_attack
28,llama_attn,model.layers.14.self_attn.q_proj,8,variance,0.0,5,llama-3.2-1b,canonical_attack
29,llama_mlp,model.layers.14.mlp.gate_proj,8192,variance,0.000732421875,5,llama-3.2-1b,canonical_attack
30,llama_attn,model.layers.15.self_attn.q_proj,8,variance,0.0,5,llama-3.2-1b,canonical_attack
31,llama_mlp,model.layers.15.mlp.gate_proj,8192,variance,0.00048828125,5,llama-3.2-1b,canonical_attack
-1,aggregate,all,-1,variance,0.0003048780487804878,5,llama-3.2-1b,canonical_attack
0,llama_attn,model.layers.0.self_attn.q_proj,8,l1_norm,0.0,6,llama-3.2-1b,canonical_attack
1,llama_mlp,model.layers.0.mlp.gate_proj,8192,l1_norm,0.000732421875,6,llama-3.2-1b,canonical_attack
2,llama_attn,model.layers.1.self_attn.q_proj,8,l1_norm,0.0,6,llama-3.2-1b,canonical_attack
3,llama_mlp,model.layers.1.mlp.gate_proj,8192,l1_norm,0.0009765625,6,llama-3.2-1b,canonical_attack
4,llama_attn,model.layers.2.self_attn.q_proj,8,l1_norm,0.0,6,llama-3.2-1b,canonical_attack
5,llama_mlp,model.layers.2.mlp.gate_proj,8192,l1_norm,0.0009765625,6,llama-3.2-1b,canonical_attack
6,llama_attn,model.layers.3.self_attn.q_proj,8,l1_norm,0.0,6,llama-3.2-1b,canonical_attack
7,llama_mlp,model.layers.3.mlp.gate_proj,8192,l1_norm,0.0,6,llama-3.2-1b,canonical_attack
8,llama_attn,model.layers.4.self_attn.q_proj,8,l1_norm,0.0,6,llama-3.2-1b,canonical_attack
9,llama_mlp,model.layers.4.mlp.gate_proj,8192,l1_norm,0.000244140625,6,llama-3.2-1b,canonical_attack
10,llama_attn,model.layers.5.self_attn.q_proj,8,l1_norm,0.0,6,llama-3.2-1b,canonical_attack
11,llama_mlp,model.layers.5.mlp.gate_proj,8192,l1_norm,0.00048828125,6,llama-3.2-1b,canonical_attack
12,llama_attn,model.layers.6.self_attn.q_proj,8,l1_norm,0.0,6,llama-3.2-1b,canonical_attack
13,llama_mlp,model.layers.6.mlp.gate_proj,8192,l1_norm,0.0,6,llama-3.2-1b,canonical_attack
14,llama_attn,model.layers.7.self_attn.q_proj,8,l1_norm,0.0,6,llama-3.2-1b,canonical_attack
15,llama_mlp,model.layers.7.mlp.gate_proj,8192,l1_norm,0.00048828125,6,llama-3.2-1b,canonical_attack
16,llama_attn,model.layers.8.self_attn.q_proj,8,l1_norm,0.0,6,llama-3.2-1b,canonical_attack
17,llama_mlp,model.layers.8.mlp.gate_proj,8192,l1_norm,0.000244140625,6,llama-3.2-1b,canonical_attack
18,llama_attn,model.layers.9.self_attn.q_proj,8,l1_norm,0.0,6,llama-3.2-1b,canonical_attack
19,llama_mlp,model.layers.9.mlp.gate_proj,8192,l1_norm,0.000244140625,6,llama-3.2-1b,canonical_attack
20,llama_attn,model.layers.10.self_attn.q_proj,8,l1_norm,0.0,6,llama-3.2-1b,canonical_attack
21,llama_mlp,model.layers.10.mlp.gate_proj,8192,l1_norm,0.000732421875,6,llama-3.2-1b,canonical_attack
22,llama_attn,model.layers.11.self_attn.q_proj,8,l1_norm,0.0,6,llama-3.2-1b,canonical_attack
23,llama_mlp,model.layers.11.mlp.gate_proj,8192,l1_norm,0.000244140625,6,llama-3.2-1b,canonical_attack
24,llama_attn,model.layers.12.self_attn.q_proj,8,l1_norm,0.0,6,llama-3.2-1b,canonical_attack
25,llama_mlp,model.layers.12.mlp.gate_proj,8192,l1_norm,0.00146484375,6,llama-3.2-1b,canonical_attack
26,llama_attn,model.layers.13.self_attn.q_proj,8,l1_norm,0.0,6,llama-3.2-1b,canonical_attack
27,llama_mlp,model.layers.13.mlp.gate_proj,8192,l1_norm,0.001708984375,6,llama-3.2-1b,canonical_attack
28,llama_attn,model.layers.14.self_attn.q_proj,8,l1_norm,0.0,6,llama-3.2-1b,canonical_attack
29,llama_mlp,model.layers.14.mlp.gate_proj,8192,l1_norm,0.00146484375,6,llama-3.2-1b,canonical_attack
30,llama_attn,model.layers.15.self_attn.q_proj,8,l1_norm,0.0,6,llama-3.2-1b,canonical_attack
31,llama_mlp,model.layers.15.mlp.gate_proj,8192,l1_norm,0.000732421875,6,llama-3.2-1b,canonical_attack
-1,aggregate,all,-1,l1_norm,0.0006707317073170732,6,llama-3.2-1b,canonical_attack
0,llama_attn,model.layers.0.self_attn.q_proj,8,l2_norm,0.0,6,llama-3.2-1b,canonical_attack
1,llama_mlp,model.layers.0.mlp.gate_proj,8192,l2_norm,0.002197265625,6,llama-3.2-1b,canonical_attack
2,llama_attn,model.layers.1.self_attn.q_proj,8,l2_norm,0.0,6,llama-3.2-1b,canonical_attack
3,llama_mlp,model.layers.1.mlp.gate_proj,8192,l2_norm,0.002197265625,6,llama-3.2-1b,canonical_attack
4,llama_attn,model.layers.2.self_attn.q_proj,8,l2_norm,0.0,6,llama-3.2-1b,canonical_attack
5,llama_mlp,model.layers.2.mlp.gate_proj,8192,l2_norm,0.00048828125,6,llama-3.2-1b,canonical_attack
6,llama_attn,model.layers.3.self_attn.q_proj,8,l2_norm,0.0,6,llama-3.2-1b,canonical_attack
7,llama_mlp,model.layers.3.mlp.gate_proj,8192,l2_norm,0.000244140625,6,llama-3.2-1b,canonical_attack
8,llama_attn,model.layers.4.self_attn.q_proj,8,l2_norm,0.0,6,llama-3.2-1b,canonical_attack
9,llama_mlp,model.layers.4.mlp.gate_proj,8192,l2_norm,0.0009765625,6,llama-3.2-1b,canonical_attack
10,llama_attn,model.layers.5.self_attn.q_proj,8,l2_norm,0.0,6,llama-3.2-1b,canonical_attack
11,llama_mlp,model.layers.5.mlp.gate_proj,8192,l2_norm,0.0,6,llama-3.2-1b,canonical_attack
12,llama_attn,model.layers.6.self_attn.q_proj,8,l2_norm,0.0,6,llama-3.2-1b,canonical_attack
13,llama_mlp,model.layers.6.mlp.gate_proj,8192,l2_norm,0.0009765625,6,llama-3.2-1b,canonical_attack
14,llama_attn,model.layers.7.self_attn.q_proj,8,l2_norm,0.0,6,llama-3.2-1b,canonical_attack
15,llama_mlp,model.layers.7.mlp.gate_proj,8192,l2_norm,0.00048828125,6,llama-3.2-1b,canonical_attack
16,llama_attn,model.layers.8.self_attn.q_proj,8,l2_norm,0.0,6,llama-3.2-1b,canonical_attack
17,llama_mlp,model.layers.8.mlp.gate_proj,8192,l2_norm,0.0,6,llama-3.2-1b,canonical_attack
18,llama_attn,model.layers.9.self_attn.q_proj,8,l2_norm,0.0,6,llama-3.2-1b,canonical_attack
19,llama_mlp,model.layers.9.mlp.gate_proj,8192,l2_norm,0.0,6,llama-3.2-1b,canonical_attack
20,llama_attn,model.layers.10.self_attn.q_proj,8,l2_norm,0.0,6,llama-3.2-1b,canonical_attack
21,llama_mlp,model.layers.10.mlp.gate_proj,8192,l2_norm,0.000732421875,6,llama-3.2-1b,canonical_attack
22,llama_attn,model.layers.11.self_attn.q_proj,8,l2_norm,0.0,6,llama-3.2-1b,canonical_attack
23,llama_mlp,model.layers.11.mlp.gate_proj,8192,l2_norm,0.000732421875,6,llama-3.2-1b,canonical_attack
24,llama_attn,model.layers.12.self_attn.q_proj,8,l2_norm,0.0,6,llama-3.2-1b,canonical_attack
25,llama_mlp,model.layers.12.mlp.gate_proj,8192,l2_norm,0.000732421875,6,llama-3.2-1b,canonical_attack
26,llama_attn,model.layers.13.self_attn.q_proj,8,l2_norm,0.0,6,llama-3.2-1b,canonical_attack
27,llama_mlp,model.layers.13.mlp.gate_proj,8192,l2_norm,0.001708984375,6,llama-3.2-1b,canonical_attack
28,llama_attn,model.layers.14.self_attn.q_proj,8,l2_norm,0.0,6,llama-3.2-1b,canonical_attack
29,llama_mlp,model.layers.14.mlp.gate_proj,8192,l2_norm,0.0009765625,6,llama-3.2-1b,canonical_attack
30,llama_attn,model.layers.15.self_attn.q_proj,8,l2_norm,0.0,6,llama-3.2-1b,canonical_attack
31,llama_mlp,model.layers.15.mlp.gate_proj,8192,l2_norm,0.001708984375,6,llama-3.2-1b,canonical_attack
-1,aggregate,all,-1,l2_norm,0.0008841463414634147,6,llama-3.2-1b,canonical_attack
0,llama_attn,model.layers.0.self_attn.q_proj,8,bias_value,0.0,6,llama-3.2-1b,canonical_attack
1,llama_mlp,model.layers.0.mlp.gate_proj,8192,bias_value,0.000732421875,6,llama-3.2-1b,canonical_attack
2,llama_attn,model.layers.1.self_attn.q_proj,8,bias_value,0.0,6,llama-3.2-1b,canonical_attack
3,llama_mlp,model.layers.1.mlp.gate_proj,8192,bias_value,0.0009765625,6,llama-3.2-1b,canonical_attack
4,llama_attn,model.layers.2.self_attn.q_proj,8,bias_value,0.0,6,llama-3.2-1b,canonical_attack
5,llama_mlp,model.layers.2.mlp.gate_proj,8192,bias_value,0.0009765625,6,llama-3.2-1b,canonical_attack
6,llama_attn,model.layers.3.self_attn.q_proj,8,bias_value,0.0,6,llama-3.2-1b,canonical_attack
7,llama_mlp,model.layers.3.mlp.gate_proj,8192,bias_value,0.0,6,llama-3.2-1b,canonical_attack
8,llama_attn,model.layers.4.self_attn.q_proj,8,bias_value,0.0,6,llama-3.2-1b,canonical_attack
9,llama_mlp,model.layers.4.mlp.gate_proj,8192,bias_value,0.000244140625,6,llama-3.2-1b,canonical_attack
10,llama_attn,model.layers.5.self_attn.q_proj,8,bias_value,0.0,6,llama-3.2-1b,canonical_attack
11,llama_mlp,model.layers.5.mlp.gate_proj,8192,bias_value,0.00048828125,6,llama-3.2-1b,canonical_attack
12,llama_attn,model.layers.6.self_attn.q_proj,8,bias_value,0.0,6,llama-3.2-1b,canonical_attack
13,llama_mlp,model.layers.6.mlp.gate_proj,8192,bias_value,0.0,6,llama-3.2-1b,canonical_attack
14,llama_attn,model.layers.7.self_attn.q_proj,8,bias_value,0.0,6,llama-3.2-1b,canonical_attack
15,llama_mlp,model.layers.7.mlp.gate_proj,8192,bias_value,0.00048828125,6,llama-3.2-1b,canonical_attack
16,llama_attn,model.layers.8.self_attn.q_proj,8,bias_value,0.0,6,llama-3.2-1b,canonical_attack
17,llama_mlp,model.layers.8.mlp.gate_proj,8192,bias_value,0.000244140625,6,llama-3.2-1b,canonical_attack
18,llama_attn,model.layers.9.self_attn.q_proj,8,bias_value,0.0,6,llama-3.2-1b,canonical_attack
19,llama_mlp,model.layers.9.mlp.gate_proj,8192,bias_value,0.000244140625,6,llama-3.2-1b,canonical_attack
20,llama_attn,model.layers.10.self_attn.q_proj,8,bias_value,0.0,6,llama-3.2-1b,canonical_attack
21,llama_mlp,model.layers.10.mlp.gate_proj,8192,bias_value,0.000732421875,6,llama-3.2-1b,canonical_attack
22,llama_attn,model.layers.11.self_attn.q_proj,8,bias_value,0.0,6,llama-3.2-1b,canonical_attack
23,llama_mlp,model.layers.11.mlp.gate_proj,8192,bias_value,0.000244140625,6,llama-3.2-1b,canonical_attack
24,llama_attn,model.layers.12.self_attn.q_proj,8,bias_value,0.0,6,llama-3.2-1b,canonical_attack
25,llama_mlp,model.layers.12.mlp.gate_proj,8192,bias_value,0.00146484375,6,llama-3.2-1b,canonical_attack
26,llama_attn,model.layers.13.self_attn.q_proj,8,bias_value,0.0,6,llama-3.2-1b,canonical_attack
27,llama_mlp,model.layers.13.mlp.gate_proj,8192,bias_value,0.001708984375,6,llama-3.2-1b,canonical_attack
28,llama_attn,model.layers.14.self_attn.q_proj,8,bias_value,0.0,6,llama-3.2-1b,canonical_attack
29,llama_mlp,model.layers.14.mlp.gate_proj,8192,bias_value,0.00146484375,6,llama-3.2-1b,canonical_attack
30,llama_attn,model.layers.15.self_attn.q_proj,8,bias_value,0.0,6,llama-3.2-1b,canonical_attack
31,llama_mlp,model.layers.15.mlp.gate_proj,8192,bias_value,0.000732421875,6,llama-3.2-1b,canonical_attack
-1,aggregate,all,-1,bias_value,0.0006707317073170732,6,llama-3.2-1b,canonical_attack
0,llama_attn,model.layers.0.self_attn.q_proj,8,variance,0.0,6,llama-3.2-1b,canonical_attack
1,llama_mlp,model.layers.0.mlp.gate_proj,8192,variance,0.0009765625,6,llama-3.2-1b,canonical_attack
2,llama_attn,model.layers.1.self_attn.q_proj,8,variance,0.0,6,llama-3.2-1b,canonical_attack
3,llama_mlp,model.layers.1.mlp.gate_proj,8192,variance,0.0009765625,6,llama-3.2-1b,canonical_attack
4,llama_attn,model.layers.2.self_attn.q_proj,8,variance,0.0,6,llama-3.2-1b,canonical_attack
5,llama_mlp,model.layers.2.mlp.gate_proj,8192,variance,0.0,6,llama-3.2-1b,canonical_attack
6,llama_attn,model.layers.3.self_attn.q_proj,8,variance,0.0,6,llama-3.2-1b,canonical_attack
7,llama_mlp,model.layers.3.mlp.gate_proj,8192,variance,0.000732421875,6,llama-3.2-1b,canonical_attack
8,llama_attn,model.layers.4.self_attn.q_proj,8,variance,0.0,6,llama-3.2-1b,canonical_attack
9,llama_mlp,model.layers.4.mlp.gate_proj,8192,variance,0.0,6,llama-3.2-1b,canonical_attack
10,llama_attn,model.layers.5.self_attn.q_proj,8,variance,0.0,6,llama-3.2-1b,canonical_attack
11,llama_mlp,model.layers.5.mlp.gate_proj,8192,variance,0.0,6,llama-3.2-1b,canonical_attack
12,llama_attn,model.layers.6.self_attn.q_proj,8,variance,0.0,6,llama-3.2-1b,canonical_attack
13,llama_mlp,model.layers.6.mlp.gate_proj,8192,variance,0.000244140625,6,llama-3.2-1b,canonical_attack
14,llama_attn,model.layers.7.self_attn.q_proj,8,variance,0.0,6,llama-3.2-1b,canonical_attack
15,llama_mlp,model.layers.7.mlp.gate_proj,8192,variance,0.000244140625,6,llama-3.2-1b,canonical_attack
16,llama_attn,model.layers.8.self_attn.q_proj,8,variance,0.0,6,llama-3.2-1b,canonical_attack
17,llama_mlp,model.layers.8.mlp.gate_proj,8192,variance,0.000244140625,6,llama-3.2-1b,canonical_attack
18,llama_attn,model.layers.9.self_attn.q_proj,8,variance,0.0,6,llama-3.2-1b,canonical_attack
19,llama_mlp,model.layers.9.mlp.gate_proj,8192,variance,0.0,6,llama-3.2-1b,canonical_attack
20,llama_attn,model.layers.10.self_attn.q_proj,8,variance,0.0,6,llama-3.2-1b,canonical_attack
21,llama_mlp,model.layers.10.mlp.gate_proj,8192,variance,0.000244140625,6,llama-3.2-1b,canonical_attack
22,llama_attn,model.layers.11.self_attn.q_proj,8,variance,0.0,6,llama-3.2-1b,canonical_attack
23,llama_mlp,model.layers.11.mlp.gate_proj,8192,variance,0.0,6,llama-3.2-1b,canonical_attack
24,llama_attn,model.layers.12.self_attn.q_proj,8,variance,0.0,6,llama-3.2-1b,canonical_attack
25,llama_mlp,model.layers.12.mlp.gate_proj,8192,variance,0.0,6,llama-3.2-1b,canonical_attack
26,llama_attn,model.layers.13.self_attn.q_proj,8,variance,0.0,6,llama-3.2-1b,canonical_attack
27,llama_mlp,model.layers.13.mlp.gate_proj,8192,variance,0.0,6,llama-3.2-1b,canonical_attack
28,llama_attn,model.layers.14.self_attn.q_proj,8,variance,0.0,6,llama-3.2-1b,canonical_attack
29,llama_mlp,model.layers.14.mlp.gate_proj,8192,variance,0.0009765625,6,llama-3.2-1b,canonical_attack
30,llama_attn,model.layers.15.self_attn.q_proj,8,variance,0.0,6,llama-3.2-1b,canonical_attack
31,llama_mlp,model.layers.15.mlp.gate_proj,8192,variance,0.001220703125,6,llama-3.2-1b,canonical_attack
-1,aggregate,all,-1,variance,0.00036585365853658537,6,llama-3.2-1b,canonical_attack
0,llama_attn,model.layers.0.self_attn.q_proj,8,l1_norm,0.0,7,llama-3.2-1b,canonical_attack
1,llama_mlp,model.layers.0.mlp.gate_proj,8192,l1_norm,0.000732421875,7,llama-3.2-1b,canonical_attack
2,llama_attn,model.layers.1.self_attn.q_proj,8,l1_norm,0.0,7,llama-3.2-1b,canonical_attack
3,llama_mlp,model.layers.1.mlp.gate_proj,8192,l1_norm,0.0009765625,7,llama-3.2-1b,canonical_attack
4,llama_attn,model.layers.2.self_attn.q_proj,8,l1_norm,0.0,7,llama-3.2-1b,canonical_attack
5,llama_mlp,model.layers.2.mlp.gate_proj,8192,l1_norm,0.0009765625,7,llama-3.2-1b,canonical_attack
6,llama_attn,model.layers.3.self_attn.q_proj,8,l1_norm,0.0,7,llama-3.2-1b,canonical_attack
7,llama_mlp,model.layers.3.mlp.gate_proj,8192,l1_norm,0.0,7,llama-3.2-1b,canonical_attack
8,llama_attn,model.layers.4.self_attn.q_proj,8,l1_norm,0.0,7,llama-3.2-1b,canonical_attack
9,llama_mlp,model.layers.4.mlp.gate_proj,8192,l1_norm,0.000244140625,7,llama-3.2-1b,canonical_attack
10,llama_attn,model.layers.5.self_attn.q_proj,8,l1_norm,0.0,7,llama-3.2-1b,canonical_attack
11,llama_mlp,model.layers.5.mlp.gate_proj,8192,l1_norm,0.000244140625,7,llama-3.2-1b,canonical_attack
12,llama_attn,model.layers.6.self_attn.q_proj,8,l1_norm,0.0,7,llama-3.2-1b,canonical_attack
13,llama_mlp,model.layers.6.mlp.gate_proj,8192,l1_norm,0.0,7,llama-3.2-1b,canonical_attack
14,llama_attn,model.layers.7.self_attn.q_proj,8,l1_norm,0.0,7,llama-3.2-1b,canonical_attack
15,llama_mlp,model.layers.7.mlp.gate_proj,8192,l1_norm,0.0009765625,7,llama-3.2-1b,canonical_attack
16,llama_attn,model.layers.8.self_attn.q_proj,8,l1_norm,0.0,7,llama-3.2-1b,canonical_attack
17,llama_mlp,model.layers.8.mlp.gate_proj,8192,l1_norm,0.000244140625,7,llama-3.2-1b,canonical_attack
18,llama_attn,model.layers.9.self_attn.q_proj,8,l1_norm,0.0,7,llama-3.2-1b,canonical_attack
19,llama_mlp,model.layers.9.mlp.gate_proj,8192,l1_norm,0.00048828125,7,llama-3.2-1b,canonical_attack
20,llama_attn,model.layers.10.self_attn.q_proj,8,l1_norm,0.0,7,llama-3.2-1b,canonical_attack
21,llama_mlp,model.layers.10.mlp.gate_proj,8192,l1_norm,0.00048828125,7,llama-3.2-1b,canonical_attack
22,llama_attn,model.layers.11.self_attn.q_proj,8,l1_norm,0.0,7,llama-3.2-1b,canonical_attack
23,llama_mlp,model.layers.11.mlp.gate_proj,8192,l1_norm,0.000732421875,7,llama-3.2-1b,canonical_attack
24,llama_attn,model.layers.12.self_attn.q_proj,8,l1_norm,0.0,7,llama-3.2-1b,canonical_attack
25,llama_mlp,model.layers.12.mlp.gate_proj,8192,l1_norm,0.0009765625,7,llama-3.2-1b,canonical_attack
26,llama_attn,model.layers.13.self_attn.q_proj,8,l1_norm,0.0,7,llama-3.2-1b,canonical_attack
27,llama_mlp,model.layers.13.mlp.gate_proj,8192,l1_norm,0.00146484375,7,llama-3.2-1b,canonical_attack
28,llama_attn,model.layers.14.self_attn.q_proj,8,l1_norm,0.0,7,llama-3.2-1b,canonical_attack
29,llama_mlp,model.layers.14.mlp.gate_proj,8192,l1_norm,0.0009765625,7,llama-3.2-1b,canonical_attack
30,llama_attn,model.layers.15.self_attn.q_proj,8,l1_norm,0.0,7,llama-3.2-1b,canonical_attack
31,llama_mlp,model.layers.15.mlp.gate_proj,8192,l1_norm,0.001220703125,7,llama-3.2-1b,canonical_attack
-1,aggregate,all,-1,l1_norm,0.0006707317073170732,7,llama-3.2-1b,canonical_attack
0,llama_attn,model.layers.0.self_attn.q_proj,8,l2_norm,0.0,7,llama-3.2-1b,canonical_attack
1,llama_mlp,model.layers.0.mlp.gate_proj,8192,l2_norm,0.00244140625,7,llama-3.2-1b,canonical_attack
2,llama_attn,model.layers.1.self_attn.q_proj,8,l2_norm,0.0,7,llama-3.2-1b,canonical_attack
3,llama_mlp,model.layers.1.mlp.gate_proj,8192,l2_norm,0.00146484375,7,llama-3.2-1b,canonical_attack
4,llama_attn,model.layers.2.self_attn.q_proj,8,l2_norm,0.0,7,llama-3.2-1b,canonical_attack
5,llama_mlp,model.layers.2.mlp.gate_proj,8192,l2_norm,0.000732421875,7,llama-3.2-1b,canonical_attack
6,llama_attn,model.layers.3.self_attn.q_proj,8,l2_norm,0.0,7,llama-3.2-1b,canonical_attack
7,llama_mlp,model.layers.3.mlp.gate_proj,8192,l2_norm,0.0009765625,7,llama-3.2-1b,canonical_attack
8,llama_attn,model.layers.4.self_attn.q_proj,8,l2_norm,0.0,7,llama-3.2-1b,canonical_attack
9,llama_mlp,model.layers.4.mlp.gate_proj,8192,l2_norm,0.00048828125,7,llama-3.2-1b,canonical_attack
10,llama_attn,model.layers.5.self_attn.q_proj,8,l2_norm,0.0,7,llama-3.2-1b,canonical_attack
11,llama_mlp,model.layers.5.mlp.gate_proj,8192,l2_norm,0.0,7,llama-3.2-1b,canonical_attack
12,llama_attn,model.layers.6.self_attn.q_proj,8,l2_norm,0.0,7,llama-3.2-1b,canonical_attack
13,llama_mlp,model.layers.6.mlp.gate_proj,8192,l2_norm,0.000732421875,7,llama-3.2-1b,canonical_attack
14,llama_attn,model.layers.7.self_attn.q_proj,8,l2_norm,0.0,7,llama-3.2-1b,canonical_attack
15,llama_mlp,model.layers.7.mlp.gate_proj,8192,l2_norm,0.000244140625,7,llama-3.2-1b,canonical_attack
16,llama_attn,model.layers.8.self_attn.q_proj,8,l2_norm,0.0,7,llama-3.2-1b,canonical_attack
17,llama_mlp,model.layers.8.mlp.gate_proj,8192,l2_norm,0.000244140625,7,llama-3.2-1b,canonical_attack
18,llama_attn,model.layers.9.self_attn.q_proj,8,l2_norm,0.0,7,llama-3.2-1b,canonical_attack
19,llama_mlp,model.layers.9.mlp.gate_proj,8192,l2_norm,0.000244140625,7,llama-3.2-1b,canonical_attack
20,llama_attn,model.layers.10.self_attn.q_proj,8,l2_norm,0.0,7,llama-3.2-1b,canonical_attack
21,llama_mlp,model.layers.10.mlp.gate_proj,8192,l2_norm,0.0009765625,7,llama-3.2-1b,canonical_attack
22,llama_attn,model.layers.11.self_attn.q_proj,8,l2_norm,0.0,7,llama-3.2-1b,canonical_attack
23,llama_mlp,model.layers.11.mlp.gate_proj,8192,l2_norm,0.00048828125,7,llama-3.2-1b,canonical_attack
24,llama_attn,model.layers.12.self_attn.q_proj,8,l2_norm,0.0,7,llama-3.2-1b,canonical_attack
25,llama_mlp,model.layers.12.mlp.gate_proj,8192,l2_norm,0.00146484375,7,llama-3.2-1b,canonical_attack
26,llama_attn,model.layers.13.self_attn.q_proj,8,l2_norm,0.0,7,llama-3.2-1b,canonical_attack
27,llama_mlp,model.layers.13.mlp.gate_proj,8192,l2_norm,0.0009765625,7,llama-3.2-1b,canonical_attack
28,llama_attn,model.layers.14.self_attn.q_proj,8,l2_norm,0.0,7,llama-3.2-1b,canonical_attack
29,llama_mlp,model.layers.14.mlp.gate_proj,8192,l2_norm,0.001220703125,7,llama-3.2-1b,canonical_attack
30,llama_attn,model.layers.15.self_attn.q_proj,8,l2_norm,0.0,7,llama-3.2-1b,canonical_attack
31,llama_mlp,model.layers.15.mlp.gate_proj,8192,l2_norm,0.001220703125,7,llama-3.2-1b,canonical_attack
-1,aggregate,all,-1,l2_norm,0.0008689024390243903,7,llama-3.2-1b,canonical_attack
0,llama_attn,model.layers.0.self_attn.q_proj,8,bias_value,0.0,7,llama-3.2-1b,canonical_attack
1,llama_mlp,model.layers.0.mlp.gate_proj,8192,bias_value,0.000732421875,7,llama-3.2-1b,canonical_attack
2,llama_attn,model.layers.1.self_attn.q_proj,8,bias_value,0.0,7,llama-3.2-1b,canonical_attack
3,llama_mlp,model.layers.1.mlp.gate_proj,8192,bias_value,0.0009765625,7,llama-3.2-1b,canonical_attack
4,llama_attn,model.layers.2.self_attn.q_proj,8,bias_value,0.0,7,llama-3.2-1b,canonical_attack
5,llama_mlp,model.layers.2.mlp.gate_proj,8192,bias_value,0.0009765625,7,llama-3.2-1b,canonical_attack
6,llama_attn,model.layers.3.self_attn.q_proj,8,bias_value,0.0,7,llama-3.2-1b,canonical_attack
7,llama_mlp,model.layers.3.mlp.gate_proj,8192,bias_value,0.0,7,llama-3.2-1b,canonical_attack
8,llama_attn,model.layers.4.self_attn.q_proj,8,bias_value,0.0,7,llama-3.2-1b,canonical_attack
9,llama_mlp,model.layers.4.mlp.gate_proj,8192,bias_value,0.000244140625,7,llama-3.2-1b,canonical_attack
10,llama_attn,model.layers.5.self_attn.q_proj,8,bias_value,0.0,7,llama-3.2-1b,canonical_attack
11,llama_mlp,model.layers.5.mlp.gate_proj,8192,bias_value,0.000244140625,7,llama-3.2-1b,canonical_attack
12,llama_attn,model.layers.6.self_attn.q_proj,8,bias_value,0.0,7,llama-3.2-1b,canonical_attack
13,llama_mlp,model.layers.6.mlp.gate_proj,8192,bias_value,0.0,7,llama-3.2-1b,canonical_attack
14,llama_attn,model.layers.7.self_attn.q_proj,8,bias_value,0.0,7,llama-3.2-1b,canonical_attack
15,llama_mlp,model.layers.7.mlp.gate_proj,8192,bias_value,0.0009765625,7,llama-3.2-1b,canonical_attack
16,llama_attn,model.layers.8.self_attn.q_proj,8,bias_value,0.0,7,llama-3.2-1b,canonical_attack
17,llama_mlp,model.layers.8.mlp.gate_proj,8192,bias_value,0.000244140625,7,llama-3.2-1b,canonical_attack
18,llama_attn,model.layers.9.self_attn.q_proj,8,bias_value,0.0,7,llama-3.2-1b,canonical_attack
19,llama_mlp,model.layers.9.mlp.gate_proj,8192,bias_value,0.00048828125,7,llama-3.2-1b,canonical_attack
20,llama_attn,model.layers.10.self_attn.q_proj,8,bias_value,0.0,7,llama-3.2-1b,canonical_attack
21,llama_mlp,model.layers.10.mlp.gate_proj,8192,bias_value,0.00048828125,7,llama-3.2-1b,canonical_attack
22,llama_attn,model.layers.11.self_attn.q_proj,8,bias_value,0.0,7,llama-3.2-1b,canonical_attack
23,llama_mlp,model.layers.11.mlp.gate_proj,8192,bias_value,0.000732421875,7,llama-3.2-1b,canonical_attack
24,llama_attn,model.layers.12.self_attn.q_proj,8,bias_value,0.0,7,llama-3.2-1b,canonical_attack
25,llama_mlp,model.layers.12.mlp.gate_proj,8192,bias_value,0.0009765625,7,llama-3.2-1b,canonical_attack
26,llama_attn,model.layers.13.self_attn.q_proj,8,bias_value,0.0,7,llama-3.2-1b,canonical_attack
27,llama_mlp,model.layers.13.mlp.gate_proj,8192,bias_value,0.00146484375,7,llama-3.2-1b,canonical_attack
28,llama_attn,model.layers.14.self_attn.q_proj,8,bias_value,0.0,7,llama-3.2-1b,canonical_attack
29,llama_mlp,model.layers.14.mlp.gate_proj,8192,bias_value,0.0009765625,7,llama-3.2-1b,canonical_attack
30,llama_attn,model.layers.15.self_attn.q_proj,8,bias_value,0.0,7,llama-3.2-1b,canonical_attack
31,llama_mlp,model.layers.15.mlp.gate_proj,8192,bias_value,0.001220703125,7,llama-3.2-1b,canonical_attack
-1,aggregate,all,-1,bias_value,0.0006707317073170732,7,llama-3.2-1b,canonical_attack
0,llama_attn,model.layers.0.self_attn.q_proj,8,variance,0.0,7,llama-3.2-1b,canonical_attack
1,llama_mlp,model.layers.0.mlp.gate_proj,8192,variance,0.001220703125,7,llama-3.2-1b,canonical_attack
2,llama_attn,model.layers.1.self_attn.q_proj,8,variance,0.0,7,llama-3.2-1b,canonical_attack
3,llama_mlp,model.layers.1.mlp.gate_proj,8192,variance,0.00048828125,7,llama-3.2-1b,canonical_attack
4,llama_attn,model.layers.2.self_attn.q_proj,8,variance,0.0,7,llama-3.2-1b,canonical_attack
5,llama_mlp,model.layers.2.mlp.gate_proj,8192,variance,0.0,7,llama-3.2-1b,canonical_attack
6,llama_attn,model.layers.3.self_attn.q_proj,8,variance,0.0,7,llama-3.2-1b,canonical_attack
7,llama_mlp,model.layers.3.mlp.gate_proj,8192,variance,0.00048828125,7,llama-3.2-1b,canonical_attack
8,llama_attn,model.layers.4.self_attn.q_proj,8,variance,0.0,7,llama-3.2-1b,canonical_attack
9,llama_mlp,model.layers.4.mlp.gate_proj,8192,variance,0.0,7,llama-3.2-1b,canonical_attack
10,llama_attn,model.layers.5.self_attn.q_proj,8,variance,0.0,7,llama-3.2-1b,canonical_attack
11,llama_mlp,model.layers.5.mlp.gate_proj,8192,variance,0.0,7,llama-3.2-1b,canonical_attack
12,llama_attn,model.layers.6.self_attn.q_proj,8,variance,0.0,7,llama-3.2-1b,canonical_attack
13,llama_mlp,model.layers.6.mlp.gate_proj,8192,variance,0.0,7,llama-3.2-1b,canonical_attack
14,llama_attn,model.layers.7.self_attn.q_proj,8,variance,0.0,7,llama-3.2-1b,canonical_attack
15,llama_mlp,model.layers.7.mlp.gate_proj,8192,variance,0.00048828125,7,llama-3.2-1b,canonical_attack
16,llama_attn,model.layers.8.self_attn.q_proj,8,variance,0.0,7,llama-3.2-1b,canonical_attack
17,llama_mlp,model.layers.8.mlp.gate_proj,8192,variance,0.0,7,llama-3.2-1b,canonical_attack
18,llama_attn,model.layers.9.self_attn.q_proj,8,variance,0.0,7,llama-3.2-1b,canonical_attack
19,llama_mlp,model.layers.9.mlp.gate_proj,8192,variance,0.000244140625,7,llama-3.2-1b,canonical_attack
20,llama_attn,model.layers.10.self_attn.q_proj,8,variance,0.0,7,llama-3.2-1b,canonical_attack
21,llama_mlp,model.layers.10.mlp.gate_proj,8192,variance,0.0,7,llama-3.2-1b,canonical_attack
22,llama_attn,model.layers.11.self_attn.q_proj,8,variance,0.0,7,llama-3.2-1b,canonical_attack
23,llama_mlp,model.layers.11.mlp.gate_proj,8192,variance,0.0,7,llama-3.2-1b,canonical_attack
24,llama_attn,model.layers.12.self_attn.q_proj,8,variance,0.0,7,llama-3.2-1b,canonical_attack
25,llama_mlp,model.layers.12.mlp.gate_proj,8192,variance,0.00048828125,7,llama-3.2-1b,canonical_attack
26,llama_attn,model.layers.13.self_attn.q_proj,8,variance,0.0,7,llama-3.2-1b,canonical_attack
27,llama_mlp,model.layers.13.mlp.gate_proj,8192,variance,0.000244140625,7,llama-3.2-1b,canonical_attack
28,llama_attn,model.layers.14.self_attn.q_proj,8,variance,0.0,7,llama-3.2-1b,canonical_attack
29,llama_mlp,model.layers.14.mlp.gate_proj,8192,variance,0.0009765625,7,llama-3.2-1b,canonical_attack
30,llama_attn,model.layers.15.self_attn.q_proj,8,variance,0.0,7,llama-3.2-1b,canonical_attack
31,llama_mlp,model.layers.15.mlp.gate_proj,8192,variance,0.0009765625,7,llama-3.2-1b,canonical_attack
-1,aggregate,all,-1,variance,0.00035060975609756096,7,llama-3.2-1b,canonical_attack
0,llama_attn,model.layers.0.self_attn.q_proj,8,l1_norm,0.0,8,llama-3.2-1b,canonical_attack
1,llama_mlp,model.layers.0.mlp.gate_proj,8192,l1_norm,0.000244140625,8,llama-3.2-1b,canonical_attack
2,llama_attn,model.layers.1.self_attn.q_proj,8,l1_norm,0.0,8,llama-3.2-1b,canonical_attack
3,llama_mlp,model.layers.1.mlp.gate_proj,8192,l1_norm,0.00048828125,8,llama-3.2-1b,canonical_attack
4,llama_attn,model.layers.2.self_attn.q_proj,8,l1_norm,0.0,8,llama-3.2-1b,canonical_attack
5,llama_mlp,model.layers.2.mlp.gate_proj,8192,l1_norm,0.000732421875,8,llama-3.2-1b,canonical_attack
6,llama_attn,model.layers.3.self_attn.q_proj,8,l1_norm,0.0,8,llama-3.2-1b,canonical_attack
7,llama_mlp,model.layers.3.mlp.gate_proj,8192,l1_norm,0.000244140625,8,llama-3.2-1b,canonical_attack
8,llama_attn,model.layers.4.self_attn.q_proj,8,l1_norm,0.0,8,llama-3.2-1b,canonical_attack
9,llama_mlp,model.layers.4.mlp.gate_proj,8192,l1_norm,0.0,8,llama-3.2-1b,canonical_attack
10,llama_attn,model.layers.5.self_attn.q_proj,8,l1_norm,0.0,8,llama-3.2-1b,canonical_attack
11,llama_mlp,model.layers.5.mlp.gate_proj,8192,l1_norm,0.00048828125,8,llama-3.2-1b,canonical_attack
12,llama_attn,model.layers.6.self_attn.q_proj,8,l1_norm,0.0,8,llama-3.2-1b,canonical_attack
13,llama_mlp,model.layers.6.mlp.gate_proj,8192,l1_norm,0.0,8,llama-3.2-1b,canonical_attack
14,llama_attn,model.layers.7.self_attn.q_proj,8,l1_norm,0.0,8,llama-3.2-1b,canonical_attack
15,llama_mlp,model.layers.7.mlp.gate_proj,8192,l1_norm,0.000732421875,8,llama-3.2-1b,canonical_attack
16,llama_attn,model.layers.8.self_attn.q_proj,8,l1_norm,0.0,8,llama-3.2-1b,canonical_attack
17,llama_mlp,model.layers.8.mlp.gate_proj,8192,l1_norm,0.000732421875,8,llama-3.2-1b,canonical_attack
18,llama_attn,model.layers.9.self_attn.q_proj,8,l1_norm,0.0,8,llama-3.2-1b,canonical_attack
19,llama_mlp,model.layers.9.mlp.gate_proj,8192,l1_norm,0.000244140625,8,llama-3.2-1b,canonical_attack
20,llama_attn,model.layers.10.self_attn.q_proj,8,l1_norm,0.0,8,llama-3.2-1b,canonical_attack
21,llama_mlp,model.layers.10.mlp.gate_proj,8192,l1_norm,0.000244140625,8,llama-3.2-1b,canonical_attack
22,llama_attn,model.layers.11.self_attn.q_proj,8,l1_norm,0.0,8,llama-3.2-1b,canonical_attack
23,llama_mlp,model.layers.11.mlp.gate_proj,8192,l1_norm,0.00048828125,8,llama-3.2-1b,canonical_attack
24,llama_attn,model.layers.12.self_attn.q_proj,8,l1_norm,0.0,8,llama-3.2-1b,canonical_attack
25,llama_mlp,model.layers.12.mlp.gate_proj,8192,l1_norm,0.001220703125,8,llama-3.2-1b,canonical_attack
26,llama_attn,model.layers.13.self_attn.q_proj,8,l1_norm,0.0,8,llama-3.2-1b,canonical_attack
27,llama_mlp,model.layers.13.mlp.gate_proj,8192,l1_norm,0.00146484375,8,llama-3.2-1b,canonical_attack
28,llama_attn,model.layers.14.self_attn.q_proj,8,l1_norm,0.0,8,llama-3.2-1b,canonical_attack
29,llama_mlp,model.layers.14.mlp.gate_proj,8192,l1_norm,0.00146484375,8,llama-3.2-1b,canonical_attack
30,llama_attn,model.layers.15.self_attn.q_proj,8,l1_norm,0.0,8,llama-3.2-1b,canonical_attack
31,llama_mlp,model.layers.15.mlp.gate_proj,8192,l1_norm,0.000732421875,8,llama-3.2-1b,canonical_attack
-1,aggregate,all,-1,l1_norm,0.0005945121951219512,8,llama-3.2-1b,canonical_attack
0,llama_attn,model.layers.0.self_attn.q_proj,8,l2_norm,0.0,8,llama-3.2-1b,canonical_attack
1,llama_mlp,model.layers.0.mlp.gate_proj,8192,l2_norm,0.003173828125,8,llama-3.2-1b,canonical_attack
2,llama_attn,model.layers.1.self_attn.q_proj,8,l2_norm,0.0,8,llama-3.2-1b,canonical_attack
3,llama_mlp,model.layers.1.mlp.gate_proj,8192,l2_norm,0.001708984375,8,llama-3.2-1b,canonical_attack
4,llama_attn,model.layers.2.self_attn.q_proj,8,l2_norm,0.0,8,llama-3.2-1b,canonical_attack
5,llama_mlp,model.layers.2.mlp.gate_proj,8192,l2_norm,0.000732421875,8,llama-3.2-1b,canonical_attack
6,llama_attn,model.layers.3.self_attn.q_proj,8,l2_norm,0.0,8,llama-3.2-1b,canonical_attack
7,llama_mlp,model.layers.3.mlp.gate_proj,8192,l2_norm,0.000732421875,8,llama-3.2-1b,canonical_attack
8,llama_attn,model.layers.4.self_attn.q_proj,8,l2_norm,0.0,8,llama-3.2-1b,canonical_attack
9,llama_mlp,model.layers.4.mlp.gate_proj,8192,l2_norm,0.000732421875,8,llama-3.2-1b,canonical_attack
10,llama_attn,model.layers.5.self_attn.q_proj,8,l2_norm,0.0,8,llama-3.2-1b,canonical_attack
11,llama_mlp,model.layers.5.mlp.gate_proj,8192,l2_norm,0.0,8,llama-3.2-1b,canonical_attack
12,llama_attn,model.layers.6.self_attn.q_proj,8,l2_norm,0.0,8,llama-3.2-1b,canonical_attack
13,llama_mlp,model.layers.6.mlp.gate_proj,8192,l2_norm,0.000732421875,8,llama-3.2-1b,canonical_attack
14,llama_attn,model.layers.7.self_attn.q_proj,8,l2_norm,0.0,8,llama-3.2-1b,canonical_attack
15,llama_mlp,model.layers.7.mlp.gate_proj,8192,l2_norm,0.00048828125,8,llama-3.2-1b,canonical_attack
16,llama_attn,model.layers.8.self_attn.q_proj,8,l2_norm,0.0,8,llama-3.2-1b,canonical_attack
17,llama_mlp,model.layers.8.mlp.gate_proj,8192,l2_norm,0.00048828125,8,llama-3.2-1b,canonical_attack
18,llama_attn,model.layers.9.self_attn.q_proj,8,l2_norm,0.0,8,llama-3.2-1b,canonical_attack
19,llama_mlp,model.layers.9.mlp.gate_proj,8192,l2_norm,0.0,8,llama-3.2-1b,canonical_attack
20,llama_attn,model.layers.10.self_attn.q_proj,8,l2_norm,0.0,8,llama-3.2-1b,canonical_attack
21,llama_mlp,model.layers.10.mlp.gate_proj,8192,l2_norm,0.00048828125,8,llama-3.2-1b,canonical_attack
22,llama_attn,model.layers.11.self_attn.q_proj,8,l2_norm,0.0,8,llama-3.2-1b,canonical_attack
23,llama_mlp,model.layers.11.mlp.gate_proj,8192,l2_norm,0.0,8,llama-3.2-1b,canonical_attack
24,llama_attn,model.layers.12.self_attn.q_proj,8,l2_norm,0.0,8,llama-3.2-1b,canonical_attack
25,llama_mlp,model.layers.12.mlp.gate_proj,8192,l2_norm,0.0009765625,8,llama-3.2-1b,canonical_attack
26,llama_attn,model.layers.13.self_attn.q_proj,8,l2_norm,0.0,8,llama-3.2-1b,canonical_attack
27,llama_mlp,model.layers.13.mlp.gate_proj,8192,l2_norm,0.001220703125,8,llama-3.2-1b,canonical_attack
28,llama_attn,model.layers.14.self_attn.q_proj,8,l2_norm,0.0,8,llama-3.2-1b,canonical_attack
29,llama_mlp,model.layers.14.mlp.gate_proj,8192,l2_norm,0.001220703125,8,llama-3.2-1b,canonical_attack
30,llama_attn,model.layers.15.self_attn.q_proj,8,l2_norm,0.0,8,llama-3.2-1b,canonical_attack
31,llama_mlp,model.layers.15.mlp.gate_proj,8192,l2_norm,0.0009765625,8,llama-3.2-1b,canonical_attack
-1,aggregate,all,-1,l2_norm,0.0008536585365853659,8,llama-3.2-1b,canonical_attack
0,llama_attn,model.layers.0.self_attn.q_proj,8,bias_value,0.0,8,llama-3.2-1b,canonical_attack
1,llama_mlp,model.layers.0.mlp.gate_proj,8192,bias_value,0.000244140625,8,llama-3.2-1b,canonical_attack
2,llama_attn,model.layers.1.self_attn.q_proj,8,bias_value,0.0,8,llama-3.2-1b,canonical_attack
3,llama_mlp,model.layers.1.mlp.gate_proj,8192,bias_value,0.00048828125,8,llama-3.2-1b,canonical_attack
4,llama_attn,model.layers.2.self_attn.q_proj,8,bias_value,0.0,8,llama-3.2-1b,canonical_attack
5,llama_mlp,model.layers.2.mlp.gate_proj,8192,bias_value,0.000732421875,8,llama-3.2-1b,canonical_attack
6,llama_attn,model.layers.3.self_attn.q_proj,8,bias_value,0.0,8,llama-3.2-1b,canonical_attack
7,llama_mlp,model.layers.3.mlp.gate_proj,8192,bias_value,0.000244140625,8,llama-3.2-1b,canonical_attack
8,llama_attn,model.layers.4.self_attn.q_proj,8,bias_value,0.0,8,llama-3.2-1b,canonical_attack
9,llama_mlp,model.layers.4.mlp.gate_proj,8192,bias_value,0.0,8,llama-3.2-1b,canonical_attack
10,llama_attn,model.layers.5.self_attn.q_proj,8,bias_value,0.0,8,llama-3.2-1b,canonical_attack
11,llama_mlp,model.layers.5.mlp.gate_proj,8192,bias_value,0.00048828125,8,llama-3.2-1b,canonical_attack
12,llama_attn,model.layers.6.self_attn.q_proj,8,bias_value,0.0,8,llama-3.2-1b,canonical_attack
13,llama_mlp,model.layers.6.mlp.gate_proj,8192,bias_value,0.0,8,llama-3.2-1b,canonical_attack
14,llama_attn,model.layers.7.self_attn.q_proj,8,bias_value,0.0,8,llama-3.2-1b,canonical_attack
15,llama_mlp,model.layers.7.mlp.gate_proj,8192,bias_value,0.000732421875,8,llama-3.2-1b,canonical_attack
16,llama_attn,model.layers.8.self_attn.q_proj,8,bias_value,0.0,8,llama-3.2-1b,canonical_attack
17,llama_mlp,model.layers.8.mlp.gate_proj,8192,bias_value,0.000732421875,8,llama-3.2-1b,canonical_attack
18,llama_attn,model.layers.9.self_attn.q_proj,8,bias_value,0.0,8,llama-3.2-1b,canonical_attack
19,llama_mlp,model.layers.9.mlp.gate_proj,8192,bias_value,0.000244140625,8,llama-3.2-1b,canonical_attack
20,llama_attn,model.layers.10.self_attn.q_proj,8,bias_value,0.0,8,llama-3.2-1b,canonical_attack
21,llama_mlp,model.layers.10.mlp.gate_proj,8192,bias_value,0.000244140625,8,llama-3.2-1b,canonical_attack
22,llama_attn,model.layers.11.self_attn.q_proj,8,bias_value,0.0,8,llama-3.2-1b,canonical_attack
23,llama_mlp,model.layers.11.mlp.gate_proj,8192,bias_value,0.00048828125,8,llama-3.2-1b,canonical_attack
24,llama_attn,model.layers.12.self_attn.q_proj,8,bias_value,0.0,8,llama-3.2-1b,canonical_attack
25,llama_mlp,model.layers.12.mlp.gate_proj,8192,bias_value,0.001220703125,8,llama-3.2-1b,canonical_attack
26,llama_attn,model.layers.13.self_attn.q_proj,8,bias_value,0.0,8,llama-3.2-1b,canonical_attack
27,llama_mlp,model.layers.13.mlp.gate_proj,8192,bias_value,0.00146484375,8,llama-3.2-1b,canonical_attack
28,llama_attn,model.layers.14.self_attn.q_proj,8,bias_value,0.0,8,llama-3.2-1b,canonical_attack
29,llama_mlp,model.layers.14.mlp.gate_proj,8192,bias_value,0.00146484375,8,llama-3.2-1b,canonical_attack
30,llama_attn,model.layers.15.self_attn.q_proj,8,bias_value,0.0,8,llama-3.2-1b,canonical_attack
31,llama_mlp,model.layers.15.mlp.gate_proj,8192,bias_value,0.000732421875,8,llama-3.2-1b,canonical_attack
-1,aggregate,all,-1,bias_value,0.0005945121951219512,8,llama-3.2-1b,canonical_attack
0,llama_attn,model.layers.0.self_attn.q_proj,8,variance,0.0,8,llama-3.2-1b,canonical_attack
1,llama_mlp,model.layers.0.mlp.gate_proj,8192,variance,0.001220703125,8,llama-3.2-1b,canonical_attack
2,llama_attn,model.layers.1.self_attn.q_proj,8,variance,0.0,8,llama-3.2-1b,canonical_attack
3,llama_mlp,model.layers.1.mlp.gate_proj,8192,variance,0.0009765625,8,llama-3.2-1b,canonical_attack
4,llama_attn,model.layers.2.self_attn.q_proj,8,variance,0.0,8,llama-3.2-1b,canonical_attack
5,llama_mlp,model.layers.2.mlp.gate_proj,8192,variance,0.000244140625,8,llama-3.2-1b,canonical_attack
6,llama_attn,model.layers.3.self_attn.q_proj,8,variance,0.0,8,llama-3.2-1b,canonical_attack
7,llama_mlp,model.layers.3.mlp.gate_proj,8192,variance,0.000732421875,8,llama-3.2-1b,canonical_attack
8,llama_attn,model.layers.4.self_attn.q_proj,8,variance,0.0,8,llama-3.2-1b,canonical_attack
9,llama_mlp,model.layers.4.mlp.gate_proj,8192,variance,0.0,8,llama-3.2-1b,canonical_attack
10,llama_attn,model.layers.5.self_attn.q_proj,8,variance,0.0,8,llama-3.2-1b,canonical_attack
11,llama_mlp,model.layers.5.mlp.gate_proj,8192,variance,0.000244140625,8,llama-3.2-1b,canonical_attack
12,llama_attn,model.layers.6.self_attn.q_proj,8,variance,0.0,8,llama-3.2-1b,canonical_attack
13,llama_mlp,model.layers.6.mlp.gate_proj,8192,variance,0.000244140625,8,llama-3.2-1b,canonical_attack
14,llama_attn,model.layers.7.self_attn.q_proj,8,variance,0.0,8,llama-3.2-1b,canonical_attack
15,llama_mlp,model.layers.7.mlp.gate_proj,8192,variance,0.0,8,llama-3.2-1b,canonical_attack
16,llama_attn,model.layers.8.self_attn.q_proj,8,variance,0.0,8,llama-3.2-1b,canonical_attack
17,llama_mlp,model.layers.8.mlp.gate_proj,8192,variance,0.0,8,llama-3.2-1b,canonical_attack
18,llama_attn,model.layers.9.self_attn.q_proj,8,variance,0.0,8,llama-3.2-1b,canonical_attack
19,llama_mlp,model.layers.9.mlp.gate_proj,8192,variance,0.000244140625,8,llama-3.2-1b,canonical_attack
20,llama_attn,model.layers.10.self_attn.q_proj,8,variance,0.0,8,llama-3.2-1b,canonical_attack
21,llama_mlp,model.layers.10.mlp.gate_proj,8192,variance,0.000244140625,8,llama-3.2-1b,canonical_attack
22,llama_attn,model.layers.11.self_attn.q_proj,8,variance,0.0,8,llama-3.2-1b,canonical_attack
23,llama_mlp,model.layers.11.mlp.gate_proj,8192,variance,0.0,8,llama-3.2-1b,canonical_attack
24,llama_attn,model.layers.12.self_attn.q_proj,8,variance,0.0,8,llama-3.2-1b,canonical_attack
25,llama_mlp,model.layers.12.mlp.gate_proj,8192,variance,0.0,8,llama-3.2-1b,canonical_attack
26,llama_attn,model.layers.13.self_attn.q_proj,8,variance,0.0,8,llama-3.2-1b,canonical_attack
27,llama_mlp,model.layers.13.mlp.gate_proj,8192,variance,0.0,8,llama-3.2-1b,canonical_attack
28,llama_attn,model.layers.14.self_attn.q_proj,8,variance,0.0,8,llama-3.2-1b,canonical_attack
29,llama_mlp,model.layers.14.mlp.gate_proj,8192,variance,0.0009765625,8,llama-3.2-1b,canonical_attack
30,llama_attn,model.layers.15.self_attn.q_proj,8,variance,0.0,8,llama-3.2-1b,canonical_attack
31,llama_mlp,model.layers.15.mlp.gate_proj,8192,variance,0.000732421875,8,llama-3.2-1b,canonical_attack
-1,aggregate,all,-1,variance,0.00036585365853658537,8,llama-3.2-1b,canonical_attack
0,llama_attn,model.layers.0.self_attn.q_proj,8,l1_norm,0.0,9,llama-3.2-1b,canonical_attack
1,llama_mlp,model.layers.0.mlp.gate_proj,8192,l1_norm,0.000732421875,9,llama-3.2-1b,canonical_attack
2,llama_attn,model.layers.1.self_attn.q_proj,8,l1_norm,0.0,9,llama-3.2-1b,canonical_attack
3,llama_mlp,model.layers.1.mlp.gate_proj,8192,l1_norm,0.000244140625,9,llama-3.2-1b,canonical_attack
4,llama_attn,model.layers.2.self_attn.q_proj,8,l1_norm,0.0,9,llama-3.2-1b,canonical_attack
5,llama_mlp,model.layers.2.mlp.gate_proj,8192,l1_norm,0.001220703125,9,llama-3.2-1b,canonical_attack
6,llama_attn,model.layers.3.self_attn.q_proj,8,l1_norm,0.0,9,llama-3.2-1b,canonical_attack
7,llama_mlp,model.layers.3.mlp.gate_proj,8192,l1_norm,0.000244140625,9,llama-3.2-1b,canonical_attack
8,llama_attn,model.layers.4.self_attn.q_proj,8,l1_norm,0.0,9,llama-3.2-1b,canonical_attack
9,llama_mlp,model.layers.4.mlp.gate_proj,8192,l1_norm,0.00048828125,9,llama-3.2-1b,canonical_attack
10,llama_attn,model.layers.5.self_attn.q_proj,8,l1_norm,0.0,9,llama-3.2-1b,canonical_attack
11,llama_mlp,model.layers.5.mlp.gate_proj,8192,l1_norm,0.00048828125,9,llama-3.2-1b,canonical_attack
12,llama_attn,model.layers.6.self_attn.q_proj,8,l1_norm,0.0,9,llama-3.2-1b,canonical_attack
13,llama_mlp,model.layers.6.mlp.gate_proj,8192,l1_norm,0.0,9,llama-3.2-1b,canonical_attack
14,llama_attn,model.layers.7.self_attn.q_proj,8,l1_norm,0.0,9,llama-3.2-1b,canonical_attack
15,llama_mlp,model.layers.7.mlp.gate_proj,8192,l1_norm,0.0009765625,9,llama-3.2-1b,canonical_attack
16,llama_attn,model.layers.8.self_attn.q_proj,8,l1_norm,0.0,9,llama-3.2-1b,canonical_attack
17,llama_mlp,model.layers.8.mlp.gate_proj,8192,l1_norm,0.000732421875,9,llama-3.2-1b,canonical_attack
18,llama_attn,model.layers.9.self_attn.q_proj,8,l1_norm,0.0,9,llama-3.2-1b,canonical_attack
19,llama_mlp,model.layers.9.mlp.gate_proj,8192,l1_norm,0.0,9,llama-3.2-1b,canonical_attack
20,llama_attn,model.layers.10.self_attn.q_proj,8,l1_norm,0.0,9,llama-3.2-1b,canonical_attack
21,llama_mlp,model.layers.10.mlp.gate_proj,8192,l1_norm,0.000244140625,9,llama-3.2-1b,canonical_attack
22,llama_attn,model.layers.11.self_attn.q_proj,8,l1_norm,0.0,9,llama-3.2-1b,canonical_attack
23,llama_mlp,model.layers.11.mlp.gate_proj,8192,l1_norm,0.00048828125,9,llama-3.2-1b,canonical_attack
24,llama_attn,model.layers.12.self_attn.q_proj,8,l1_norm,0.0,9,llama-3.2-1b,canonical_attack
25,llama_mlp,model.layers.12.mlp.gate_proj,8192,l1_norm,0.001708984375,9,llama-3.2-1b,canonical_attack
26,llama_attn,model.layers.13.self_attn.q_proj,8,l1_norm,0.0,9,llama-3.2-1b,canonical_attack
27,llama_mlp,model.layers.13.mlp.gate_proj,8192,l1_norm,0.000732421875,9,llama-3.2-1b,canonical_attack
28,llama_attn,model.layers.14.self_attn.q_proj,8,l1_norm,0.0,9,llama-3.2-1b,canonical_attack
29,llama_mlp,model.layers.14.mlp.gate_proj,8192,l1_norm,0.001220703125,9,llama-3.2-1b,canonical_attack
30,llama_attn,model.layers.15.self_attn.q_proj,8,l1_norm,0.0,9,llama-3.2-1b,canonical_attack
31,llama_mlp,model.layers.15.mlp.gate_proj,8192,l1_norm,0.0009765625,9,llama-3.2-1b,canonical_attack
-1,aggregate,all,-1,l1_norm,0.0006554878048780488,9,llama-3.2-1b,canonical_attack
0,llama_attn,model.layers.0.self_attn.q_proj,8,l2_norm,0.0,9,llama-3.2-1b,canonical_attack
1,llama_mlp,model.layers.0.mlp.gate_proj,8192,l2_norm,0.002685546875,9,llama-3.2-1b,canonical_attack
2,llama_attn,model.layers.1.self_attn.q_proj,8,l2_norm,0.0,9,llama-3.2-1b,canonical_attack
3,llama_mlp,model.layers.1.mlp.gate_proj,8192,l2_norm,0.002197265625,9,llama-3.2-1b,canonical_attack
4,llama_attn,model.layers.2.self_attn.q_proj,8,l2_norm,0.0,9,llama-3.2-1b,canonical_attack
5,llama_mlp,model.layers.2.mlp.gate_proj,8192,l2_norm,0.00048828125,9,llama-3.2-1b,canonical_attack
6,llama_attn,model.layers.3.self_attn.q_proj,8,l2_norm,0.0,9,llama-3.2-1b,canonical_attack
7,llama_mlp,model.layers.3.mlp.gate_proj,8192,l2_norm,0.000732421875,9,llama-3.2-1b,canonical_attack
8,llama_attn,model.layers.4.self_attn.q_proj,8,l2_norm,0.0,9,llama-3.2-1b,canonical_attack
9,llama_mlp,model.layers.4.mlp.gate_proj,8192,l2_norm,0.000732421875,9,llama-3.2-1b,canonical_attack
10,llama_attn,model.layers.5.self_attn.q_proj,8,l2_norm,0.0,9,llama-3.2-1b,canonical_attack
11,llama_mlp,model.layers.5.mlp.gate_proj,8192,l2_norm,0.0,9,llama-3.2-1b,canonical_attack
12,llama_attn,model.layers.6.self_attn.q_proj,8,l2_norm,0.0,9,llama-3.2-1b,canonical_attack
13,llama_mlp,model.layers.6.mlp.gate_proj,8192,l2_norm,0.000732421875,9,llama-3.2-1b,canonical_attack
14,llama_attn,model.layers.7.self_attn.q_proj,8,l2_norm,0.0,9,llama-3.2-1b,canonical_attack
15,llama_mlp,model.layers.7.mlp.gate_proj,8192,l2_norm,0.00048828125,9,llama-3.2-1b,canonical_attack
16,llama_attn,model.layers.8.self_attn.q_proj,8,l2_norm,0.0,9,llama-3.2-1b,canonical_attack
17,llama_mlp,model.layers.8.mlp.gate_proj,8192,l2_norm,0.000244140625,9,llama-3.2-1b,canonical_attack
18,llama_attn,model.layers.9.self_attn.q_proj,8,l2_norm,0.0,9,llama-3.2-1b,canonical_attack
19,llama_mlp,model.layers.9.mlp.gate_proj,8192,l2_norm,0.0,9,llama-3.2-1b,canonical_attack
20,llama_attn,model.layers.10.self_attn.q_proj,8,l2_norm,0.0,9,llama-3.2-1b,canonical_attack
21,llama_mlp,model.layers.10.mlp.gate_proj,8192,l2_norm,0.000732421875,9,llama-3.2-1b,canonical_attack
22,llama_attn,model.layers.11.self_attn.q_proj,8,l2_norm,0.0,9,llama-3.2-1b,canonical_attack
23,llama_mlp,model.layers.11.mlp.gate_proj,8192,l2_norm,0.000244140625,9,llama-3.2-1b,canonical_attack
24,llama_attn,model.layers.12.self_attn.q_proj,8,l2_norm,0.0,9,llama-3.2-1b,canonical_attack
25,llama_mlp,model.layers.12.mlp.gate_proj,8192,l2_norm,0.001220703125,9,llama-3.2-1b,canonical_attack
26,llama_attn,model.layers.13.self_attn.q_proj,8,l2_norm,0.0,9,llama-3.2-1b,canonical_attack
27,llama_mlp,model.layers.13.mlp.gate_proj,8192,l2_norm,0.001708984375,9,llama-3.2-1b,canonical_attack
28,llama_attn,model.layers.14.self_attn.q_proj,8,l2_norm,0.0,9,llama-3.2-1b,canonical_attack
29,llama_mlp,model.layers.14.mlp.gate_proj,8192,l2_norm,0.0009765625,9,llama-3.2-1b,canonical_attack
30,llama_attn,model.layers.15.self_attn.q_proj,8,l2_norm,0.0,9,llama-3.2-1b,canonical_attack
31,llama_mlp,model.layers.15.mlp.gate_proj,8192,l2_norm,0.001953125,9,llama-3.2-1b,canonical_attack
-1,aggregate,all,-1,l2_norm,0.0009451219512195122,9,llama-3.2-1b,canonical_attack
0,llama_attn,model.layers.0.self_attn.q_proj,8,bias_value,0.0,9,llama-3.2-1b,canonical_attack
1,llama_mlp,model.layers.0.mlp.gate_proj,8192,bias_value,0.000732421875,9,llama-3.2-1b,canonical_attack
2,llama_attn,model.layers.1.self_attn.q_proj,8,bias_value,0.0,9,llama-3.2-1b,canonical_attack
3,llama_mlp,model.layers.1.mlp.gate_proj,8192,bias_value,0.000244140625,9,llama-3.2-1b,canonical_attack
4,llama_attn,model.layers.2.self_attn.q_proj,8,bias_value,0.0,9,llama-3.2-1b,canonical_attack
5,llama_mlp,model.layers.2.mlp.gate_proj,8192,bias_value,0.001220703125,9,llama-3.2-1b,canonical_attack
6,llama_attn,model.layers.3.self_attn.q_proj,8,bias_value,0.0,9,llama-3.2-1b,canonical_attack
7,llama_mlp,model.layers.3.mlp.gate_proj,8192,bias_value,0.000244140625,9,llama-3.2-1b,canonical_attack
8,llama_attn,model.layers.4.self_attn.q_proj,8,bias_value,0.0,9,llama-3.2-1b,canonical_attack
9,llama_mlp,model.layers.4.mlp.gate_proj,8192,bias_value,0.00048828125,9,llama-3.2-1b,canonical_attack
10,llama_attn,model.layers.5.self_attn.q_proj,8,bias_value,0.0,9,llama-3.2-1b,canonical_attack
11,llama_mlp,model.layers.5.mlp.gate_proj,8192,bias_value,0.00048828125,9,llama-3.2-1b,canonical_attack
12,llama_attn,model.layers.6.self_attn.q_proj,8,bias_value,0.0,9,llama-3.2-1b,canonical_attack
13,llama_mlp,model.layers.6.mlp.gate_proj,8192,bias_value,0.0,9,llama-3.2-1b,canonical_attack
14,llama_attn,model.layers.7.self_attn.q_proj,8,bias_value,0.0,9,llama-3.2-1b,canonical_attack
15,llama_mlp,model.layers.7.mlp.gate_proj,8192,bias_value,0.0009765625,9,llama-3.2-1b,canonical_attack
16,llama_attn,model.layers.8.self_attn.q_proj,8,bias_value,0.0,9,llama-3.2-1b,canonical_attack
17,llama_mlp,model.layers.8.mlp.gate_proj,8192,bias_value,0.000732421875,9,llama-3.2-1b,canonical_attack
18,llama_attn,model.layers.9.self_attn.q_proj,8,bias_value,0.0,9,llama-3.2-1b,canonical_attack
19,llama_mlp,model.layers.9.mlp.gate_proj,8192,bias_value,0.0,9,llama-3.2-1b,canonical_attack
20,llama_attn,model.layers.10.self_attn.q_proj,8,bias_value,0.0,9,llama-3.2-1b,canonical_attack
21,llama_mlp,model.layers.10.mlp.gate_proj,8192,bias_value,0.000244140625,9,llama-3.2-1b,canonical_attack
22,llama_attn,model.layers.11.self_attn.q_proj,8,bias_value,0.0,9,llama-3.2-1b,canonical_attack
23,llama_mlp,model.layers.11.mlp.gate_proj,8192,bias_value,0.00048828125,9,llama-3.2-1b,canonical_attack
24,llama_attn,model.layers.12.self_attn.q_proj,8,bias_value,0.0,9,llama-3.2-1b,canonical_attack
25,llama_mlp,model.layers.12.mlp.gate_proj,8192,bias_value,0.001708984375,9,llama-3.2-1b,canonical_attack
26,llama_attn,model.layers.13.self_attn.q_proj,8,bias_value,0.0,9,llama-3.2-1b,canonical_attack
27,llama_mlp,model.layers.13.mlp.gate_proj,8192,bias_value,0.000732421875,9,llama-3.2-1b,canonical_attack
28,llama_attn,model.layers.14.self_attn.q_proj,8,bias_value,0.0,9,llama-3.2-1b,canonical_attack
29,llama_mlp,model.layers.14.mlp.gate_proj,8192,bias_value,0.001220703125,9,llama-3.2-1b,canonical_attack
30,llama_attn,model.layers.15.self_attn.q_proj,8,bias_value,0.0,9,llama-3.2-1b,canonical_attack
31,llama_mlp,model.layers.15.mlp.gate_proj,8192,bias_value,0.0009765625,9,llama-3.2-1b,canonical_attack
-1,aggregate,all,-1,bias_value,0.0006554878048780488,9,llama-3.2-1b,canonical_attack
0,llama_attn,model.layers.0.self_attn.q_proj,8,variance,0.0,9,llama-3.2-1b,canonical_attack
1,llama_mlp,model.layers.0.mlp.gate_proj,8192,variance,0.000732421875,9,llama-3.2-1b,canonical_attack
2,llama_attn,model.layers.1.self_attn.q_proj,8,variance,0.0,9,llama-3.2-1b,canonical_attack
3,llama_mlp,model.layers.1.mlp.gate_proj,8192,variance,0.0009765625,9,llama-3.2-1b,canonical_attack
4,llama_attn,model.layers.2.self_attn.q_proj,8,variance,0.0,9,llama-3.2-1b,canonical_attack
5,llama_mlp,model.layers.2.mlp.gate_proj,8192,variance,0.000244140625,9,llama-3.2-1b,canonical_attack
6,llama_attn,model.layers.3.self_attn.q_proj,8,variance,0.0,9,llama-3.2-1b,canonical_attack
7,llama_mlp,model.layers.3.mlp.gate_proj,8192,variance,0.000732421875,9,llama-3.2-1b,canonical_attack
8,llama_attn,model.layers.4.self_attn.q_proj,8,variance,0.0,9,llama-3.2-1b,canonical_attack
9,llama_mlp,model.layers.4.mlp.gate_proj,8192,variance,0.0,9,llama-3.2-1b,canonical_attack
10,llama_attn,model.layers.5.self_attn.q_proj,8,variance,0.0,9,llama-3.2-1b,canonical_attack
11,llama_mlp,model.layers.5.mlp.gate_proj,8192,variance,0.000244140625,9,llama-3.2-1b,canonical_attack
12,llama_attn,model.layers.6.self_attn.q_proj,8,variance,0.0,9,llama-3.2-1b,canonical_attack
13,llama_mlp,model.layers.6.mlp.gate_proj,8192,variance,0.0,9,llama-3.2-1b,canonical_attack
14,llama_attn,model.layers.7.self_attn.q_proj,8,variance,0.0,9,llama-3.2-1b,canonical_attack
15,llama_mlp,model.layers.7.mlp.gate_proj,8192,variance,0.0,9,llama-3.2-1b,canonical_attack
16,llama_attn,model.layers.8.self_attn.q_proj,8,variance,0.0,9,llama-3.2-1b,canonical_attack
17,llama_mlp,model.layers.8.mlp.gate_proj,8192,variance,0.000244140625,9,llama-3.2-1b,canonical_attack
18,llama_attn,model.layers.9.self_attn.q_proj,8,variance,0.0,9,llama-3.2-1b,canonical_attack
19,llama_mlp,model.layers.9.mlp.gate_proj,8192,variance,0.0,9,llama-3.2-1b,canonical_attack
20,llama_attn,model.layers.10.self_attn.q_proj,8,variance,0.0,9,llama-3.2-1b,canonical_attack
21,llama_mlp,model.layers.10.mlp.gate_proj,8192,variance,0.0,9,llama-3.2-1b,canonical_attack
22,llama_attn,model.layers.11.self_attn.q_proj,8,variance,0.0,9,llama-3.2-1b,canonical_attack
23,llama_mlp,model.layers.11.mlp.gate_proj,8192,variance,0.0,9,llama-3.2-1b,canonical_attack
24,llama_attn,model.layers.12.self_attn.q_proj,8,variance,0.0,9,llama-3.2-1b,canonical_attack
25,llama_mlp,model.layers.12.mlp.gate_proj,8192,variance,0.0,9,llama-3.2-1b,canonical_attack
26,llama_attn,model.layers.13.self_attn.q_proj,8,variance,0.0,9,llama-3.2-1b,canonical_attack
27,llama_mlp,model.layers.13.mlp.gate_proj,8192,variance,0.0,9,llama-3.2-1b,canonical_attack
28,llama_attn,model.layers.14.self_attn.q_proj,8,variance,0.0,9,llama-3.2-1b,canonical_attack
29,llama_mlp,model.layers.14.mlp.gate_proj,8192,variance,0.000732421875,9,llama-3.2-1b,canonical_attack
30,llama_attn,model.layers.15.self_attn.q_proj,8,variance,0.0,9,llama-3.2-1b,canonical_attack
31,llama_mlp,model.layers.15.mlp.gate_proj,8192,variance,0.000244140625,9,llama-3.2-1b,canonical_attack
-1,aggregate,all,-1,variance,0.00025914634146341465,9,llama-3.2-1b,canonical_attack
